Analysis & Synthesis report for ov5640_hdmi_640x480
Fri Jul 31 10:47:25 2026
eLinx 64-Bit Version 3.0 


---------------------
; Table of Contents ;
---------------------
  1. Legal Notice
  2. Analysis & Synthesis Summary
  3. Analysis & Synthesis Settings
  4. Parallel Compilation
  5. Analysis & Synthesis Source Files Read
  6. Analysis & Synthesis Resource Usage Summary
  7. Analysis & Synthesis Resource Utilization by Entity
  8. Analysis & Synthesis RAM Summary
  9. State Machine - |ov5640_hdmi_top|sdram_top:sdram1_top_inst|sdram_fifo_ctrl:u_sdram_fifo_ctrl|rdFIFO:u_rdfifo|dcfifo:dcfifo|dcfifo_eml1:auto_generated|scfifo:output_channel|a_fffifo:subfifo|a_fefifo:fifo_state|sm_emptyfull
 10. State Machine - |ov5640_hdmi_top|sdram_top:sdram1_top_inst|sdram_fifo_ctrl:u_sdram_fifo_ctrl|wrFIFO:u_wrfifo|dcfifo:dcfifo|dcfifo_rll1:auto_generated|scfifo:output_channel|a_fffifo:subfifo|a_fefifo:fifo_state|sm_emptyfull
 11. State Machine - |ov5640_hdmi_top|ov5640_top:ov5640_top_inst|i2c_ctrl:i2c_ctrl_inst|state
 12. State Machine - |ov5640_hdmi_top|sil9134_dri:inst_sil9134_dri|i2c_dri:inst_i2c_sil9134_dri|cur_state
 13. User-Specified and Inferred Latches
 14. Registers Removed During Synthesis
 15. Removed Registers Triggering Further Register Optimizations
 16. General Register Statistics
 17. Inverted Register Statistics
 18. Multiplexer Restructuring Statistics (Restructuring Performed)
 19. Source assignments for sdram_top:sdram1_top_inst|sdram_fifo_ctrl:u_sdram_fifo_ctrl|wrFIFO:u_wrfifo|dcfifo:dcfifo
 20. Source assignments for sdram_top:sdram1_top_inst|sdram_fifo_ctrl:u_sdram_fifo_ctrl|wrFIFO:u_wrfifo|dcfifo:dcfifo|dcfifo_rll1:auto_generated
 21. Source assignments for sdram_top:sdram1_top_inst|sdram_fifo_ctrl:u_sdram_fifo_ctrl|wrFIFO:u_wrfifo|dcfifo:dcfifo|dcfifo_rll1:auto_generated|a_graycounter_u26:rdptr_g
 22. Source assignments for sdram_top:sdram1_top_inst|sdram_fifo_ctrl:u_sdram_fifo_ctrl|wrFIFO:u_wrfifo|dcfifo:dcfifo|dcfifo_rll1:auto_generated|a_graycounter_v26:read_counter_for_write
 23. Source assignments for sdram_top:sdram1_top_inst|sdram_fifo_ctrl:u_sdram_fifo_ctrl|wrFIFO:u_wrfifo|dcfifo:dcfifo|dcfifo_rll1:auto_generated|a_graycounter_u26:wrptr_g
 24. Source assignments for sdram_top:sdram1_top_inst|sdram_fifo_ctrl:u_sdram_fifo_ctrl|wrFIFO:u_wrfifo|dcfifo:dcfifo|dcfifo_rll1:auto_generated|altsyncram_u861:fifo_ram
 25. Source assignments for sdram_top:sdram1_top_inst|sdram_fifo_ctrl:u_sdram_fifo_ctrl|wrFIFO:u_wrfifo|dcfifo:dcfifo|dcfifo_rll1:auto_generated|alt_synch_pipe_1e8:read_sync_registers
 26. Source assignments for sdram_top:sdram1_top_inst|sdram_fifo_ctrl:u_sdram_fifo_ctrl|wrFIFO:u_wrfifo|dcfifo:dcfifo|dcfifo_rll1:auto_generated|alt_synch_pipe_1e8:read_sync_registers|dffpipe_re9:dffpipe18
 27. Source assignments for sdram_top:sdram1_top_inst|sdram_fifo_ctrl:u_sdram_fifo_ctrl|wrFIFO:u_wrfifo|dcfifo:dcfifo|dcfifo_rll1:auto_generated|alt_synch_pipe_2e8:write_sync_registers
 28. Source assignments for sdram_top:sdram1_top_inst|sdram_fifo_ctrl:u_sdram_fifo_ctrl|wrFIFO:u_wrfifo|dcfifo:dcfifo|dcfifo_rll1:auto_generated|alt_synch_pipe_2e8:write_sync_registers|dffpipe_se9:dffpipe22
 29. Source assignments for sdram_top:sdram1_top_inst|sdram_fifo_ctrl:u_sdram_fifo_ctrl|rdFIFO:u_rdfifo|dcfifo:dcfifo
 30. Source assignments for sdram_top:sdram1_top_inst|sdram_fifo_ctrl:u_sdram_fifo_ctrl|rdFIFO:u_rdfifo|dcfifo:dcfifo|dcfifo_eml1:auto_generated
 31. Source assignments for sdram_top:sdram1_top_inst|sdram_fifo_ctrl:u_sdram_fifo_ctrl|rdFIFO:u_rdfifo|dcfifo:dcfifo|dcfifo_eml1:auto_generated|a_graycounter_u26:rdptr_g
 32. Source assignments for sdram_top:sdram1_top_inst|sdram_fifo_ctrl:u_sdram_fifo_ctrl|rdFIFO:u_rdfifo|dcfifo:dcfifo|dcfifo_eml1:auto_generated|a_graycounter_036:read_counter_for_write
 33. Source assignments for sdram_top:sdram1_top_inst|sdram_fifo_ctrl:u_sdram_fifo_ctrl|rdFIFO:u_rdfifo|dcfifo:dcfifo|dcfifo_eml1:auto_generated|a_graycounter_u26:wrptr_g
 34. Source assignments for sdram_top:sdram1_top_inst|sdram_fifo_ctrl:u_sdram_fifo_ctrl|rdFIFO:u_rdfifo|dcfifo:dcfifo|dcfifo_eml1:auto_generated|altsyncram_u861:fifo_ram
 35. Source assignments for sdram_top:sdram1_top_inst|sdram_fifo_ctrl:u_sdram_fifo_ctrl|rdFIFO:u_rdfifo|dcfifo:dcfifo|dcfifo_eml1:auto_generated|alt_synch_pipe_3e8:read_sync_registers
 36. Source assignments for sdram_top:sdram1_top_inst|sdram_fifo_ctrl:u_sdram_fifo_ctrl|rdFIFO:u_rdfifo|dcfifo:dcfifo|dcfifo_eml1:auto_generated|alt_synch_pipe_3e8:read_sync_registers|dffpipe_te9:dffpipe14
 37. Source assignments for sdram_top:sdram1_top_inst|sdram_fifo_ctrl:u_sdram_fifo_ctrl|rdFIFO:u_rdfifo|dcfifo:dcfifo|dcfifo_eml1:auto_generated|alt_synch_pipe_4e8:write_sync_registers
 38. Source assignments for sdram_top:sdram1_top_inst|sdram_fifo_ctrl:u_sdram_fifo_ctrl|rdFIFO:u_rdfifo|dcfifo:dcfifo|dcfifo_eml1:auto_generated|alt_synch_pipe_4e8:write_sync_registers|dffpipe_ue9:dffpipe18
 39. Parameter Settings for User Entity Instance: Top-level Entity: |ov5640_hdmi_top
 40. Parameter Settings for User Entity Instance: clk_pll_1:clk_gen_inst|altpll:altpll_component
 41. Parameter Settings for User Entity Instance: clk_pll_2:clk_gen_inst2|altpll:altpll_component
 42. Parameter Settings for User Entity Instance: sil9134_dri:inst_sil9134_dri
 43. Parameter Settings for User Entity Instance: sil9134_dri:inst_sil9134_dri|i2c_dri:inst_i2c_sil9134_dri
 44. Parameter Settings for User Entity Instance: ov5640_top:ov5640_top_inst
 45. Parameter Settings for User Entity Instance: ov5640_top:ov5640_top_inst|i2c_ctrl:i2c_ctrl_inst
 46. Parameter Settings for User Entity Instance: ov5640_top:ov5640_top_inst|ov5640_cfg:ov5640_cfg_inst
 47. Parameter Settings for User Entity Instance: sdram_top:sdram1_top_inst|sdram_fifo_ctrl:u_sdram_fifo_ctrl|wrFIFO:u_wrfifo|dcfifo:dcfifo
 48. Parameter Settings for User Entity Instance: sdram_top:sdram1_top_inst|sdram_fifo_ctrl:u_sdram_fifo_ctrl|wrFIFO:u_wrfifo|dcfifo:dcfifo|dcfifo_rll1:auto_generated|scfifo:output_channel
 49. Parameter Settings for User Entity Instance: sdram_top:sdram1_top_inst|sdram_fifo_ctrl:u_sdram_fifo_ctrl|rdFIFO:u_rdfifo|dcfifo:dcfifo
 50. Parameter Settings for User Entity Instance: sdram_top:sdram1_top_inst|sdram_fifo_ctrl:u_sdram_fifo_ctrl|rdFIFO:u_rdfifo|dcfifo:dcfifo|dcfifo_eml1:auto_generated|scfifo:output_channel
 51. Parameter Settings for User Entity Instance: sdram_top:sdram1_top_inst|sdram_controller:u_sdram_controller|sdram_ctrl:u_sdram_ctrl
 52. Parameter Settings for User Entity Instance: video_driver:video_driver_inst
 53. altpll Parameter Settings by Entity Instance
 54. dcfifo Parameter Settings by Entity Instance
 55. scfifo Parameter Settings by Entity Instance
 56. Port Connectivity Checks: "video_driver:video_driver_inst"
 57. Port Connectivity Checks: "sdram_top:sdram1_top_inst|sdram_fifo_ctrl:u_sdram_fifo_ctrl|rdFIFO:u_rdfifo"
 58. Port Connectivity Checks: "sdram_top:sdram1_top_inst|sdram_fifo_ctrl:u_sdram_fifo_ctrl|wrFIFO:u_wrfifo"
 59. Port Connectivity Checks: "sdram_top:sdram1_top_inst"
 60. Port Connectivity Checks: "ov5640_top:ov5640_top_inst|DVP_Capture:DVP_Capture"
 61. Port Connectivity Checks: "ov5640_top:ov5640_top_inst|i2c_ctrl:i2c_ctrl_inst"
 62. Port Connectivity Checks: "ov5640_top:ov5640_top_inst"
 63. Port Connectivity Checks: "sil9134_dri:inst_sil9134_dri|i2c_dri:inst_i2c_sil9134_dri"
 64. Port Connectivity Checks: "sil9134_dri:inst_sil9134_dri"
 65. Elapsed Time Per Partition
 66. Analysis & Synthesis Messages
 67. Analysis & Synthesis Suppressed Messages



----------------
; Legal Notice ;
----------------
Copyright (C) 2006-2024 eHiWay Corporation
Your use of eHiWay Corporation's design tools, logic functions 
and other software and tools, and its AMPP partner logic 
functions, and any output files from any of the foregoing 
(including device programming or simulation files), and any 
associated documentation or information are expressly subject 
to the terms and conditions of the eHiWay Program License 
Subscription Agreement, eHiWay MegaCore Function License 
Agreement, or other applicable license agreement, including, 
without limitation, that your use is for the sole purpose of 
programming logic devices manufactured by eHiWay and sold by 
eHiWay or its authorized distributors.  Please refer to the 
applicable agreement for further details.



+--------------------------------------------------------------------------------+
; Analysis & Synthesis Summary                                                   ;
+-----------------------------+--------------------------------------------------+
; Analysis & Synthesis Status ; Successful - Fri Jul 31 10:47:25 2026            ;
; eLinx 64-Bit Version   ; 13.0.1 Build 232 06/12/2013 SP 1 SJ Full Version ;
; Revision Name               ; ov5640_hdmi_640x480                              ;
; Top-level Entity Name       ; ov5640_hdmi_top                                  ;
; Family                      ; eHiChip6                                          ;
; Total logic elements        ; 1,567                                            ;
; Total pins                  ; 85                                               ;
; Total virtual pins          ; 0                                                ;
; Total memory bits           ; 65,536                                           ;
; DSP block 9-bit elements    ; 0                                                ;
; Total PLLs                  ; 2                                                ;
; Total DLLs                  ; 0                                                ;
+-----------------------------+--------------------------------------------------+


+-----------------------------------------------------------------------------------------------------------------------+
; Analysis & Synthesis Settings                                                                                         ;
+----------------------------------------------------------------------------+--------------------+---------------------+
; Option                                                                     ; Setting            ; Default Value       ;
+----------------------------------------------------------------------------+--------------------+---------------------+
; Device                                                                     ; EQ6HL130      ;                     ;
; Top-level entity name                                                      ; ov5640_hdmi_top    ; ov5640_hdmi_640x480 ;
; Family name                                                                ; eHiChip6            ; Cyclone IV GX       ;
; Maximum Number of M512 Memory Blocks                                       ; 0                  ; -1 (Unlimited)      ;
; Maximum Number of M-RAM/M144K Memory Blocks                                ; 0                  ; -1 (Unlimited)      ;
; Use smart compilation                                                      ; Off                ; Off                 ;
; Enable parallel Assembler and TimeQuest Timing Analyzer during compilation ; On                 ; On                  ;
; Enable compact report table                                                ; Off                ; Off                 ;
; Restructure Multiplexers                                                   ; Auto               ; Auto                ;
; Create Debugging Nodes for IP Cores                                        ; Off                ; Off                 ;
; Preserve fewer node names                                                  ; On                 ; On                  ;
; Disable OpenCore Plus hardware evaluation                                  ; Off                ; Off                 ;
; Verilog Version                                                            ; Verilog_2001       ; Verilog_2001        ;
; VHDL Version                                                               ; VHDL_1993          ; VHDL_1993           ;
; State Machine Processing                                                   ; Auto               ; Auto                ;
; Safe State Machine                                                         ; Off                ; Off                 ;
; Extract Verilog State Machines                                             ; On                 ; On                  ;
; Extract VHDL State Machines                                                ; On                 ; On                  ;
; Ignore Verilog initial constructs                                          ; Off                ; Off                 ;
; Iteration limit for constant Verilog loops                                 ; 5000               ; 5000                ;
; Iteration limit for non-constant Verilog loops                             ; 250                ; 250                 ;
; Add Pass-Through Logic to Inferred RAMs                                    ; On                 ; On                  ;
; Infer RAMs from Raw Logic                                                  ; On                 ; On                  ;
; Parallel Synthesis                                                         ; On                 ; On                  ;
; DSP Block Balancing                                                        ; Auto               ; Auto                ;
; NOT Gate Push-Back                                                         ; On                 ; On                  ;
; Power-Up Don't Care                                                        ; On                 ; On                  ;
; Remove Redundant Logic Cells                                               ; Off                ; Off                 ;
; Remove Duplicate Registers                                                 ; On                 ; On                  ;
; Ignore CARRY Buffers                                                       ; Off                ; Off                 ;
; Ignore CASCADE Buffers                                                     ; Off                ; Off                 ;
; Ignore GLOBAL Buffers                                                      ; Off                ; Off                 ;
; Ignore ROW GLOBAL Buffers                                                  ; Off                ; Off                 ;
; Ignore LCELL Buffers                                                       ; Off                ; Off                 ;
; Ignore SOFT Buffers                                                        ; On                 ; On                  ;
; Limit AHDL Integers to 32 Bits                                             ; Off                ; Off                 ;
; Optimization Technique                                                     ; Balanced           ; Balanced            ;
; Carry Chain Length                                                         ; 70                 ; 70                  ;
; Auto Carry Chains                                                          ; On                 ; On                  ;
; Auto Open-Drain Pins                                                       ; On                 ; On                  ;
; Perform WYSIWYG Primitive Resynthesis                                      ; Off                ; Off                 ;
; Auto ROM Replacement                                                       ; On                 ; On                  ;
; Auto RAM Replacement                                                       ; On                 ; On                  ;
; Auto DSP Block Replacement                                                 ; On                 ; On                  ;
; Auto Shift Register Replacement                                            ; Auto               ; Auto                ;
; Allow Shift Register Merging across Hierarchies                            ; Auto               ; Auto                ;
; Auto Clock Enable Replacement                                              ; On                 ; On                  ;
; Strict RAM Replacement                                                     ; Off                ; Off                 ;
; Allow Synchronous Control Signals                                          ; On                 ; On                  ;
; Force Use of Synchronous Clear Signals                                     ; Off                ; Off                 ;
; Auto RAM Block Balancing                                                   ; On                 ; On                  ;
; Auto RAM to Logic Cell Conversion                                          ; Off                ; Off                 ;
; Auto Resource Sharing                                                      ; Off                ; Off                 ;
; Allow Any RAM Size For Recognition                                         ; Off                ; Off                 ;
; Allow Any ROM Size For Recognition                                         ; Off                ; Off                 ;
; Allow Any Shift Register Size For Recognition                              ; Off                ; Off                 ;
; Use LogicLock Constraints during Resource Balancing                        ; On                 ; On                  ;
; Ignore translate_off and synthesis_off directives                          ; Off                ; Off                 ;
; Report Parameter Settings                                                  ; On                 ; On                  ;
; Report Source Assignments                                                  ; On                 ; On                  ;
; Report Connectivity Checks                                                 ; On                 ; On                  ;
; Ignore Maximum Fan-Out Assignments                                         ; Off                ; Off                 ;
; Synchronization Register Chain Length                                      ; 2                  ; 2                   ;
; PowerPlay Power Optimization                                               ; Normal compilation ; Normal compilation  ;
; HDL message level                                                          ; Level2             ; Level2              ;
; Suppress Register Optimization Related Messages                            ; Off                ; Off                 ;
; Number of Removed Registers Reported in Synthesis Report                   ; 5000               ; 5000                ;
; Number of Swept Nodes Reported in Synthesis Report                         ; 5000               ; 5000                ;
; Number of Inverted Registers Reported in Synthesis Report                  ; 100                ; 100                 ;
; Clock MUX Protection                                                       ; On                 ; On                  ;
; Block Design Naming                                                        ; Auto               ; Auto                ;
; Synthesis Effort                                                           ; Auto               ; Auto                ;
; Shift Register Replacement - Allow Asynchronous Clear Signal               ; On                 ; On                  ;
; Pre-Mapping Resynthesis Optimization                                       ; Off                ; Off                 ;
; Analysis & Synthesis Message Level                                         ; Medium             ; Medium              ;
; Disable Register Merging Across Hierarchies                                ; Auto               ; Auto                ;
; Resource Aware Inference For Block RAM                                     ; On                 ; On                  ;
; Synthesis Seed                                                             ; 1                  ; 1                   ;
+----------------------------------------------------------------------------+--------------------+---------------------+


+------------------------------------------+
; Parallel Compilation                     ;
+----------------------------+-------------+
; Processors                 ; Number      ;
+----------------------------+-------------+
; Number detected on machine ; 20          ;
; Maximum allowed            ; 14          ;
;                            ;             ;
; Average used               ; 1.00        ;
; Maximum used               ; 1           ;
;                            ;             ;
; Usage by Processor         ; % Time Used ;
;     Processor 1            ; 100.0%      ;
;     Processors 2-20        ;   0.0%      ;
+----------------------------+-------------+


+----------------------------------------------------------------------------------------------------------------------------------------------------------------------------------------------------------------------------------------------------------+
; Analysis & Synthesis Source Files Read                                                                                                                                                                                                                   ;
+----------------------------------------------------------------------------+-----------------+------------------------------+------------------------------------------------------------------------------------------------------------------+---------+
; File Name with User-Entered Path                                           ; Used in Netlist ; File Type                    ; File Name with Absolute Path                                                                                     ; Library ;
+----------------------------------------------------------------------------+-----------------+------------------------------+------------------------------------------------------------------------------------------------------------------+---------+
; ov5640_hdmi_640x480.srcs/sources_1/new/sil9134_hdmi/i2c_sil9134_hdmi_cfg.v ; yes             ; User Verilog HDL File        ; D:/github_example/ov5640_hdmi_640x480/ov5640_hdmi_640x480.srcs/sources_1/new/sil9134_hdmi/i2c_sil9134_hdmi_cfg.v ;         ;
; ov5640_hdmi_640x480.srcs/sources_1/new/sdram/sdram_para.v                  ; yes             ; User Verilog HDL File        ; D:/github_example/ov5640_hdmi_640x480/ov5640_hdmi_640x480.srcs/sources_1/new/sdram/sdram_para.v                  ;         ;
; ov5640_hdmi_640x480.srcs/sources_1/ip/clk_pll_1/clk_pll_1.v                ; yes             ; User Verilog HDL File        ; D:/github_example/ov5640_hdmi_640x480/ov5640_hdmi_640x480.srcs/sources_1/ip/clk_pll_1/clk_pll_1.v                ;         ;
; ov5640_hdmi_640x480.srcs/sources_1/new/sil9134_hdmi/sil9134_dri.v          ; yes             ; User Verilog HDL File        ; D:/github_example/ov5640_hdmi_640x480/ov5640_hdmi_640x480.srcs/sources_1/new/sil9134_hdmi/sil9134_dri.v          ;         ;
; ov5640_hdmi_640x480.srcs/sources_1/new/sil9134_hdmi/i2c_dri.v              ; yes             ; User Verilog HDL File        ; D:/github_example/ov5640_hdmi_640x480/ov5640_hdmi_640x480.srcs/sources_1/new/sil9134_hdmi/i2c_dri.v              ;         ;
; ov5640_hdmi_640x480.srcs/sources_1/new/ov5640_init/ov5640_cfg.v            ; yes             ; User Verilog HDL File        ; D:/github_example/ov5640_hdmi_640x480/ov5640_hdmi_640x480.srcs/sources_1/new/ov5640_init/ov5640_cfg.v            ;         ;
; ov5640_hdmi_640x480.srcs/sources_1/new/ov5640_init/ov5640_top.v            ; yes             ; User Verilog HDL File        ; D:/github_example/ov5640_hdmi_640x480/ov5640_hdmi_640x480.srcs/sources_1/new/ov5640_init/ov5640_top.v            ;         ;
; ov5640_hdmi_640x480.srcs/sources_1/new/sdram/sdram_controller.v            ; yes             ; User Verilog HDL File        ; D:/github_example/ov5640_hdmi_640x480/ov5640_hdmi_640x480.srcs/sources_1/new/sdram/sdram_controller.v            ;         ;
; ov5640_hdmi_640x480.srcs/sources_1/new/ov5640_init/DVP_Capture.v           ; yes             ; User Verilog HDL File        ; D:/github_example/ov5640_hdmi_640x480/ov5640_hdmi_640x480.srcs/sources_1/new/ov5640_init/DVP_Capture.v           ;         ;
; ov5640_hdmi_640x480.srcs/sources_1/new/sdram/sdram_data.v                  ; yes             ; User Verilog HDL File        ; D:/github_example/ov5640_hdmi_640x480/ov5640_hdmi_640x480.srcs/sources_1/new/sdram/sdram_data.v                  ;         ;
; ov5640_hdmi_640x480.srcs/sources_1/new/ov5640_init/i2c_ctrl.v              ; yes             ; User Verilog HDL File        ; D:/github_example/ov5640_hdmi_640x480/ov5640_hdmi_640x480.srcs/sources_1/new/ov5640_init/i2c_ctrl.v              ;         ;
; ov5640_hdmi_640x480.srcs/sources_1/new/ov5640_hdmi_top.v                   ; yes             ; User Verilog HDL File        ; D:/github_example/ov5640_hdmi_640x480/ov5640_hdmi_640x480.srcs/sources_1/new/ov5640_hdmi_top.v                   ;         ;
; ov5640_hdmi_640x480.srcs/sources_1/ip/rdFIFO/rdFIFO.v                      ; yes             ; User Verilog HDL File        ; D:/github_example/ov5640_hdmi_640x480/ov5640_hdmi_640x480.srcs/sources_1/ip/rdFIFO/rdFIFO.v                      ;         ;
; ov5640_hdmi_640x480.srcs/sources_1/new/sdram/sdram_top.v                   ; yes             ; User Verilog HDL File        ; D:/github_example/ov5640_hdmi_640x480/ov5640_hdmi_640x480.srcs/sources_1/new/sdram/sdram_top.v                   ;         ;
; ov5640_hdmi_640x480.srcs/sources_1/ip/wrFIFO/wrFIFO.v                      ; yes             ; User Verilog HDL File        ; D:/github_example/ov5640_hdmi_640x480/ov5640_hdmi_640x480.srcs/sources_1/ip/wrFIFO/wrFIFO.v                      ;         ;
; ov5640_hdmi_640x480.srcs/sources_1/ip/clk_pll_2/clk_pll_2.v                ; yes             ; User Verilog HDL File        ; D:/github_example/ov5640_hdmi_640x480/ov5640_hdmi_640x480.srcs/sources_1/ip/clk_pll_2/clk_pll_2.v                ;         ;
; ov5640_hdmi_640x480.srcs/sources_1/new/sdram/sdram_ctrl.v                  ; yes             ; User Verilog HDL File        ; D:/github_example/ov5640_hdmi_640x480/ov5640_hdmi_640x480.srcs/sources_1/new/sdram/sdram_ctrl.v                  ;         ;
; ov5640_hdmi_640x480.srcs/sources_1/new/sdram/sdram_cmd.v                   ; yes             ; User Verilog HDL File        ; D:/github_example/ov5640_hdmi_640x480/ov5640_hdmi_640x480.srcs/sources_1/new/sdram/sdram_cmd.v                   ;         ;
; ov5640_hdmi_640x480.srcs/sources_1/new/video_driver.v                      ; yes             ; User Verilog HDL File        ; D:/github_example/ov5640_hdmi_640x480/ov5640_hdmi_640x480.srcs/sources_1/new/video_driver.v                      ;         ;
; ov5640_hdmi_640x480.srcs/sources_1/new/sdram/sdram_fifo_ctrl.v             ; yes             ; User Verilog HDL File        ; D:/github_example/ov5640_hdmi_640x480/ov5640_hdmi_640x480.srcs/sources_1/new/sdram/sdram_fifo_ctrl.v             ;         ;
; altpll.tdf                                                                 ; yes             ; Megafunction                 ; d:/program files (x86)/ehiway/elinx3.0/bin/passkey/libraries/megafunctions/altpll.tdf                            ;         ;
; aglobal130.inc                                                             ; yes             ; Megafunction                 ; d:/program files (x86)/ehiway/elinx3.0/bin/passkey/libraries/megafunctions/aglobal130.inc                        ;         ;
; stratix_pll.inc                                                            ; yes             ; Megafunction                 ; d:/program files (x86)/ehiway/elinx3.0/bin/passkey/libraries/megafunctions/stratix_pll.inc                       ;         ;
; stratixii_pll.inc                                                          ; yes             ; Megafunction                 ; d:/program files (x86)/ehiway/elinx3.0/bin/passkey/libraries/megafunctions/stratixii_pll.inc                     ;         ;
; cycloneii_pll.inc                                                          ; yes             ; Megafunction                 ; d:/program files (x86)/ehiway/elinx3.0/bin/passkey/libraries/megafunctions/cycloneii_pll.inc                     ;         ;
; dcfifo.tdf                                                                 ; yes             ; Megafunction                 ; d:/program files (x86)/ehiway/elinx3.0/bin/passkey/libraries/megafunctions/dcfifo.tdf                            ;         ;
; lpm_counter.inc                                                            ; yes             ; Megafunction                 ; d:/program files (x86)/ehiway/elinx3.0/bin/passkey/libraries/megafunctions/lpm_counter.inc                       ;         ;
; lpm_add_sub.inc                                                            ; yes             ; Megafunction                 ; d:/program files (x86)/ehiway/elinx3.0/bin/passkey/libraries/megafunctions/lpm_add_sub.inc                       ;         ;
; altdpram.inc                                                               ; yes             ; Megafunction                 ; d:/program files (x86)/ehiway/elinx3.0/bin/passkey/libraries/megafunctions/altdpram.inc                          ;         ;
; a_graycounter.inc                                                          ; yes             ; Megafunction                 ; d:/program files (x86)/ehiway/elinx3.0/bin/passkey/libraries/megafunctions/a_graycounter.inc                     ;         ;
; a_fefifo.inc                                                               ; yes             ; Megafunction                 ; d:/program files (x86)/ehiway/elinx3.0/bin/passkey/libraries/megafunctions/a_fefifo.inc                          ;         ;
; a_gray2bin.inc                                                             ; yes             ; Megafunction                 ; d:/program files (x86)/ehiway/elinx3.0/bin/passkey/libraries/megafunctions/a_gray2bin.inc                        ;         ;
; dffpipe.inc                                                                ; yes             ; Megafunction                 ; d:/program files (x86)/ehiway/elinx3.0/bin/passkey/libraries/megafunctions/dffpipe.inc                           ;         ;
; alt_sync_fifo.inc                                                          ; yes             ; Megafunction                 ; d:/program files (x86)/ehiway/elinx3.0/bin/passkey/libraries/megafunctions/alt_sync_fifo.inc                     ;         ;
; lpm_compare.inc                                                            ; yes             ; Megafunction                 ; d:/program files (x86)/ehiway/elinx3.0/bin/passkey/libraries/megafunctions/lpm_compare.inc                       ;         ;
; altsyncram_fifo.inc                                                        ; yes             ; Megafunction                 ; d:/program files (x86)/ehiway/elinx3.0/bin/passkey/libraries/megafunctions/altsyncram_fifo.inc                   ;         ;
; db/dcfifo_rll1.tdf                                                         ; yes             ; Auto-Generated Megafunction  ; D:/github_example/ov5640_hdmi_640x480/db/dcfifo_rll1.tdf                                                         ;         ;
; db/a_gray2bin_07b.tdf                                                      ; yes             ; Auto-Generated Megafunction  ; D:/github_example/ov5640_hdmi_640x480/db/a_gray2bin_07b.tdf                                                      ;         ;
; db/a_graycounter_u26.tdf                                                   ; yes             ; Auto-Generated Megafunction  ; D:/github_example/ov5640_hdmi_640x480/db/a_graycounter_u26.tdf                                                   ;         ;
; db/a_graycounter_v26.tdf                                                   ; yes             ; Auto-Generated Megafunction  ; D:/github_example/ov5640_hdmi_640x480/db/a_graycounter_v26.tdf                                                   ;         ;
; db/altsyncram_u861.tdf                                                     ; yes             ; Auto-Generated Megafunction  ; D:/github_example/ov5640_hdmi_640x480/db/altsyncram_u861.tdf                                                     ;         ;
; db/alt_synch_pipe_1e8.tdf                                                  ; yes             ; Auto-Generated Megafunction  ; D:/github_example/ov5640_hdmi_640x480/db/alt_synch_pipe_1e8.tdf                                                  ;         ;
; db/dffpipe_re9.tdf                                                         ; yes             ; Auto-Generated Megafunction  ; D:/github_example/ov5640_hdmi_640x480/db/dffpipe_re9.tdf                                                         ;         ;
; db/alt_synch_pipe_2e8.tdf                                                  ; yes             ; Auto-Generated Megafunction  ; D:/github_example/ov5640_hdmi_640x480/db/alt_synch_pipe_2e8.tdf                                                  ;         ;
; db/dffpipe_se9.tdf                                                         ; yes             ; Auto-Generated Megafunction  ; D:/github_example/ov5640_hdmi_640x480/db/dffpipe_se9.tdf                                                         ;         ;
; db/add_sub_m0c.tdf                                                         ; yes             ; Auto-Generated Megafunction  ; D:/github_example/ov5640_hdmi_640x480/db/add_sub_m0c.tdf                                                         ;         ;
; db/cmpr_ms5.tdf                                                            ; yes             ; Auto-Generated Megafunction  ; D:/github_example/ov5640_hdmi_640x480/db/cmpr_ms5.tdf                                                            ;         ;
; db/cmpr_ti8.tdf                                                            ; yes             ; Auto-Generated Megafunction  ; D:/github_example/ov5640_hdmi_640x480/db/cmpr_ti8.tdf                                                            ;         ;
; db/cntr_cva.tdf                                                            ; yes             ; Auto-Generated Megafunction  ; D:/github_example/ov5640_hdmi_640x480/db/cntr_cva.tdf                                                            ;         ;
; scfifo.tdf                                                                 ; yes             ; Megafunction                 ; d:/program files (x86)/ehiway/elinx3.0/bin/passkey/libraries/megafunctions/scfifo.tdf                            ;         ;
; a_regfifo.inc                                                              ; yes             ; Megafunction                 ; d:/program files (x86)/ehiway/elinx3.0/bin/passkey/libraries/megafunctions/a_regfifo.inc                         ;         ;
; a_dpfifo.inc                                                               ; yes             ; Megafunction                 ; d:/program files (x86)/ehiway/elinx3.0/bin/passkey/libraries/megafunctions/a_dpfifo.inc                          ;         ;
; a_i2fifo.inc                                                               ; yes             ; Megafunction                 ; d:/program files (x86)/ehiway/elinx3.0/bin/passkey/libraries/megafunctions/a_i2fifo.inc                          ;         ;
; a_fffifo.inc                                                               ; yes             ; Megafunction                 ; d:/program files (x86)/ehiway/elinx3.0/bin/passkey/libraries/megafunctions/a_fffifo.inc                          ;         ;
; a_f2fifo.inc                                                               ; yes             ; Megafunction                 ; d:/program files (x86)/ehiway/elinx3.0/bin/passkey/libraries/megafunctions/a_f2fifo.inc                          ;         ;
; a_fffifo.tdf                                                               ; yes             ; Megafunction                 ; d:/program files (x86)/ehiway/elinx3.0/bin/passkey/libraries/megafunctions/a_fffifo.tdf                          ;         ;
; lpm_mux.inc                                                                ; yes             ; Megafunction                 ; d:/program files (x86)/ehiway/elinx3.0/bin/passkey/libraries/megafunctions/lpm_mux.inc                           ;         ;
; lpm_ff.inc                                                                 ; yes             ; Megafunction                 ; d:/program files (x86)/ehiway/elinx3.0/bin/passkey/libraries/megafunctions/lpm_ff.inc                            ;         ;
; lpm_ff.tdf                                                                 ; yes             ; Megafunction                 ; d:/program files (x86)/ehiway/elinx3.0/bin/passkey/libraries/megafunctions/lpm_ff.tdf                            ;         ;
; lpm_constant.inc                                                           ; yes             ; Megafunction                 ; d:/program files (x86)/ehiway/elinx3.0/bin/passkey/libraries/megafunctions/lpm_constant.inc                      ;         ;
; lpm_mux.tdf                                                                ; yes             ; Megafunction                 ; d:/program files (x86)/ehiway/elinx3.0/bin/passkey/libraries/megafunctions/lpm_mux.tdf                           ;         ;
; muxlut.inc                                                                 ; yes             ; Megafunction                 ; d:/program files (x86)/ehiway/elinx3.0/bin/passkey/libraries/megafunctions/muxlut.inc                            ;         ;
; bypassff.inc                                                               ; yes             ; Megafunction                 ; d:/program files (x86)/ehiway/elinx3.0/bin/passkey/libraries/megafunctions/bypassff.inc                          ;         ;
; altshift.inc                                                               ; yes             ; Megafunction                 ; d:/program files (x86)/ehiway/elinx3.0/bin/passkey/libraries/megafunctions/altshift.inc                          ;         ;
; db/mux_rhc.tdf                                                             ; yes             ; Auto-Generated Megafunction  ; D:/github_example/ov5640_hdmi_640x480/db/mux_rhc.tdf                                                             ;         ;
; lpm_counter.tdf                                                            ; yes             ; Megafunction                 ; d:/program files (x86)/ehiway/elinx3.0/bin/passkey/libraries/megafunctions/lpm_counter.tdf                       ;         ;
; lpm_decode.inc                                                             ; yes             ; Megafunction                 ; d:/program files (x86)/ehiway/elinx3.0/bin/passkey/libraries/megafunctions/lpm_decode.inc                        ;         ;
; cmpconst.inc                                                               ; yes             ; Megafunction                 ; d:/program files (x86)/ehiway/elinx3.0/bin/passkey/libraries/megafunctions/cmpconst.inc                          ;         ;
; dffeea.inc                                                                 ; yes             ; Megafunction                 ; d:/program files (x86)/ehiway/elinx3.0/bin/passkey/libraries/megafunctions/dffeea.inc                            ;         ;
; alt_counter_stratix.inc                                                    ; yes             ; Megafunction                 ; d:/program files (x86)/ehiway/elinx3.0/bin/passkey/libraries/megafunctions/alt_counter_stratix.inc               ;         ;
; db/cntr_qve.tdf                                                            ; yes             ; Auto-Generated Megafunction  ; D:/github_example/ov5640_hdmi_640x480/db/cntr_qve.tdf                                                            ;         ;
; a_fefifo.tdf                                                               ; yes             ; Megafunction                 ; d:/program files (x86)/ehiway/elinx3.0/bin/passkey/libraries/megafunctions/a_fefifo.tdf                          ;         ;
; lpm_compare.tdf                                                            ; yes             ; Megafunction                 ; d:/program files (x86)/ehiway/elinx3.0/bin/passkey/libraries/megafunctions/lpm_compare.tdf                       ;         ;
; comptree.inc                                                               ; yes             ; Megafunction                 ; d:/program files (x86)/ehiway/elinx3.0/bin/passkey/libraries/megafunctions/comptree.inc                          ;         ;
; db/cmpr_04g.tdf                                                            ; yes             ; Auto-Generated Megafunction  ; D:/github_example/ov5640_hdmi_640x480/db/cmpr_04g.tdf                                                            ;         ;
; db/dcfifo_eml1.tdf                                                         ; yes             ; Auto-Generated Megafunction  ; D:/github_example/ov5640_hdmi_640x480/db/dcfifo_eml1.tdf                                                         ;         ;
; db/a_graycounter_036.tdf                                                   ; yes             ; Auto-Generated Megafunction  ; D:/github_example/ov5640_hdmi_640x480/db/a_graycounter_036.tdf                                                   ;         ;
; db/alt_synch_pipe_3e8.tdf                                                  ; yes             ; Auto-Generated Megafunction  ; D:/github_example/ov5640_hdmi_640x480/db/alt_synch_pipe_3e8.tdf                                                  ;         ;
; db/dffpipe_te9.tdf                                                         ; yes             ; Auto-Generated Megafunction  ; D:/github_example/ov5640_hdmi_640x480/db/dffpipe_te9.tdf                                                         ;         ;
; db/alt_synch_pipe_4e8.tdf                                                  ; yes             ; Auto-Generated Megafunction  ; D:/github_example/ov5640_hdmi_640x480/db/alt_synch_pipe_4e8.tdf                                                  ;         ;
; db/dffpipe_ue9.tdf                                                         ; yes             ; Auto-Generated Megafunction  ; D:/github_example/ov5640_hdmi_640x480/db/dffpipe_ue9.tdf                                                         ;         ;
+----------------------------------------------------------------------------+-----------------+------------------------------+------------------------------------------------------------------------------------------------------------------+---------+


+-------------------------------------------------------+
; Analysis & Synthesis Resource Usage Summary           ;
+---------------------------------------------+---------+
; Resource                                    ; Usage   ;
+---------------------------------------------+---------+
; Total logic elements                        ; 1567    ;
;     -- Combinational with no register       ; 788     ;
;     -- Register only                        ; 351     ;
;     -- Combinational with a register        ; 428     ;
;                                             ;         ;
; Logic element usage by number of LUT inputs ;         ;
;     -- 4 input functions                    ; 659     ;
;     -- 3 input functions                    ; 276     ;
;     -- 2 input functions                    ; 264     ;
;     -- 1 input functions                    ; 13      ;
;     -- 0 input functions                    ; 4       ;
;                                             ;         ;
; Logic elements by mode                      ;         ;
;     -- normal mode                          ; 1378    ;
;     -- arithmetic mode                      ; 189     ;
;     -- qfbk mode                            ; 0       ;
;     -- register cascade mode                ; 0       ;
;     -- synchronous clear/load mode          ; 83      ;
;     -- asynchronous clear/load mode         ; 768     ;
;                                             ;         ;
; Total registers                             ; 779     ;
; Total logic cells in carry chains           ; 210     ;
; I/O pins                                    ; 85      ;
; Total memory bits                           ; 65536   ;
; DSP block 9-bit elements                    ; 0       ;
; Total PLLs                                  ; 2       ;
;     -- PLLs                                 ; 2       ;
;                                             ;         ;
; Maximum fan-out node                        ; rst_n~0 ;
; Maximum fan-out                             ; 746     ;
; Total fan-out                               ; 7359    ;
; Average fan-out                             ; 4.36    ;
+---------------------------------------------+---------+


+--------------------------------------------------------------------------------------------------------------------------------------------------------------------------------------------------------------------------------------------------------------------------------------------------------------------------------------------------------------------------------------------------------------------------------------------------------------------------------------------------------------+
; Analysis & Synthesis Resource Utilization by Entity                                                                                                                                                                                                                                                                                                                                                                                                                                                          ;
+--------------------------------------------------------------+-------------+--------------+-------------+--------------+---------+-----------+-----------+------+--------------+--------------+-------------------+------------------+-----------------+------------+-------------------------------------------------------------------------------------------------------------------------------------------------------------------------------------------------------------------------+--------------+
; Compilation Hierarchy Node                                   ; Logic Cells ; LC Registers ; Memory Bits ; DSP Elements ; DSP 9x9 ; DSP 18x18 ; DSP 36x36 ; Pins ; Virtual Pins ; LUT-Only LCs ; Register-Only LCs ; LUT/Register LCs ; Carry Chain LCs ; Packed LCs ; Full Hierarchy Name                                                                                                                                                                                                     ; Library Name ;
+--------------------------------------------------------------+-------------+--------------+-------------+--------------+---------+-----------+-----------+------+--------------+--------------+-------------------+------------------+-----------------+------------+-------------------------------------------------------------------------------------------------------------------------------------------------------------------------------------------------------------------------+--------------+
; |ov5640_hdmi_top                                             ; 1567 (1)    ; 779          ; 65536       ; 0            ; 0       ; 0         ; 0         ; 85   ; 0            ; 788 (1)      ; 351 (0)           ; 428 (0)          ; 210 (0)         ; 0 (0)      ; |ov5640_hdmi_top                                                                                                                                                                                                        ; work         ;
;    |clk_pll_1:clk_gen_inst|                                  ; 0 (0)       ; 0            ; 0           ; 0            ; 0       ; 0         ; 0         ; 0    ; 0            ; 0 (0)        ; 0 (0)             ; 0 (0)            ; 0 (0)           ; 0 (0)      ; |ov5640_hdmi_top|clk_pll_1:clk_gen_inst                                                                                                                                                                                 ; work         ;
;       |altpll:altpll_component|                              ; 0 (0)       ; 0            ; 0           ; 0            ; 0       ; 0         ; 0         ; 0    ; 0            ; 0 (0)        ; 0 (0)             ; 0 (0)            ; 0 (0)           ; 0 (0)      ; |ov5640_hdmi_top|clk_pll_1:clk_gen_inst|altpll:altpll_component                                                                                                                                                         ; work         ;
;    |clk_pll_2:clk_gen_inst2|                                 ; 0 (0)       ; 0            ; 0           ; 0            ; 0       ; 0         ; 0         ; 0    ; 0            ; 0 (0)        ; 0 (0)             ; 0 (0)            ; 0 (0)           ; 0 (0)      ; |ov5640_hdmi_top|clk_pll_2:clk_gen_inst2                                                                                                                                                                                ; work         ;
;       |altpll:altpll_component|                              ; 0 (0)       ; 0            ; 0           ; 0            ; 0       ; 0         ; 0         ; 0    ; 0            ; 0 (0)        ; 0 (0)             ; 0 (0)            ; 0 (0)           ; 0 (0)      ; |ov5640_hdmi_top|clk_pll_2:clk_gen_inst2|altpll:altpll_component                                                                                                                                                        ; work         ;
;    |ov5640_top:ov5640_top_inst|                              ; 522 (1)     ; 85           ; 0           ; 0            ; 0       ; 0         ; 0         ; 0    ; 0            ; 437 (1)      ; 32 (0)            ; 53 (0)           ; 29 (0)          ; 0 (0)      ; |ov5640_hdmi_top|ov5640_top:ov5640_top_inst                                                                                                                                                                             ; work         ;
;       |DVP_Capture:DVP_Capture|                              ; 34 (34)     ; 33           ; 0           ; 0            ; 0       ; 0         ; 0         ; 0    ; 0            ; 1 (1)        ; 26 (26)           ; 7 (7)            ; 0 (0)           ; 0 (0)      ; |ov5640_hdmi_top|ov5640_top:ov5640_top_inst|DVP_Capture:DVP_Capture                                                                                                                                                     ; work         ;
;       |i2c_ctrl:i2c_ctrl_inst|                               ; 273 (273)   ; 27           ; 0           ; 0            ; 0       ; 0         ; 0         ; 0    ; 0            ; 246 (246)    ; 6 (6)             ; 21 (21)          ; 8 (8)           ; 0 (0)      ; |ov5640_hdmi_top|ov5640_top:ov5640_top_inst|i2c_ctrl:i2c_ctrl_inst                                                                                                                                                      ; work         ;
;       |ov5640_cfg:ov5640_cfg_inst|                           ; 214 (214)   ; 25           ; 0           ; 0            ; 0       ; 0         ; 0         ; 0    ; 0            ; 189 (189)    ; 0 (0)             ; 25 (25)          ; 21 (21)         ; 0 (0)      ; |ov5640_hdmi_top|ov5640_top:ov5640_top_inst|ov5640_cfg:ov5640_cfg_inst                                                                                                                                                  ; work         ;
;    |sdram_top:sdram1_top_inst|                               ; 851 (0)     ; 617          ; 65536       ; 0            ; 0       ; 0         ; 0         ; 0    ; 0            ; 234 (0)      ; 303 (0)           ; 314 (0)          ; 133 (0)         ; 0 (0)      ; |ov5640_hdmi_top|sdram_top:sdram1_top_inst                                                                                                                                                                              ; work         ;
;       |sdram_controller:u_sdram_controller|                  ; 205 (0)     ; 102          ; 0           ; 0            ; 0       ; 0         ; 0         ; 0    ; 0            ; 103 (0)      ; 33 (0)            ; 69 (0)           ; 35 (0)          ; 0 (0)      ; |ov5640_hdmi_top|sdram_top:sdram1_top_inst|sdram_controller:u_sdram_controller                                                                                                                                          ; work         ;
;          |sdram_cmd:u_sdram_cmd|                             ; 67 (67)     ; 20           ; 0           ; 0            ; 0       ; 0         ; 0         ; 0    ; 0            ; 47 (47)      ; 0 (0)             ; 20 (20)          ; 0 (0)           ; 0 (0)      ; |ov5640_hdmi_top|sdram_top:sdram1_top_inst|sdram_controller:u_sdram_controller|sdram_cmd:u_sdram_cmd                                                                                                                    ; work         ;
;          |sdram_ctrl:u_sdram_ctrl|                           ; 103 (103)   ; 49           ; 0           ; 0            ; 0       ; 0         ; 0         ; 0    ; 0            ; 54 (54)      ; 0 (0)             ; 49 (49)          ; 35 (35)         ; 0 (0)      ; |ov5640_hdmi_top|sdram_top:sdram1_top_inst|sdram_controller:u_sdram_controller|sdram_ctrl:u_sdram_ctrl                                                                                                                  ; work         ;
;          |sdram_data:u_sdram_data|                           ; 35 (35)     ; 33           ; 0           ; 0            ; 0       ; 0         ; 0         ; 0    ; 0            ; 2 (2)        ; 33 (33)           ; 0 (0)            ; 0 (0)           ; 0 (0)      ; |ov5640_hdmi_top|sdram_top:sdram1_top_inst|sdram_controller:u_sdram_controller|sdram_data:u_sdram_data                                                                                                                  ; work         ;
;       |sdram_fifo_ctrl:u_sdram_fifo_ctrl|                    ; 646 (81)    ; 515          ; 65536       ; 0            ; 0       ; 0         ; 0         ; 0    ; 0            ; 131 (41)     ; 270 (5)           ; 245 (35)         ; 98 (30)         ; 0 (0)      ; |ov5640_hdmi_top|sdram_top:sdram1_top_inst|sdram_fifo_ctrl:u_sdram_fifo_ctrl                                                                                                                                            ; work         ;
;          |rdFIFO:u_rdfifo|                                   ; 266 (0)     ; 227          ; 32768       ; 0            ; 0       ; 0         ; 0         ; 0    ; 0            ; 39 (0)       ; 131 (0)           ; 96 (0)           ; 24 (0)          ; 0 (0)      ; |ov5640_hdmi_top|sdram_top:sdram1_top_inst|sdram_fifo_ctrl:u_sdram_fifo_ctrl|rdFIFO:u_rdfifo                                                                                                                            ; work         ;
;             |dcfifo:dcfifo|                                  ; 266 (0)     ; 227          ; 32768       ; 0            ; 0       ; 0         ; 0         ; 0    ; 0            ; 39 (0)       ; 131 (0)           ; 96 (0)           ; 24 (0)          ; 0 (0)      ; |ov5640_hdmi_top|sdram_top:sdram1_top_inst|sdram_fifo_ctrl:u_sdram_fifo_ctrl|rdFIFO:u_rdfifo|dcfifo:dcfifo                                                                                                              ; work         ;
;                |dcfifo_eml1:auto_generated|                  ; 266 (42)    ; 227          ; 32768       ; 0            ; 0       ; 0         ; 0         ; 0    ; 0            ; 39 (6)       ; 131 (17)          ; 96 (19)          ; 24 (11)         ; 0 (0)      ; |ov5640_hdmi_top|sdram_top:sdram1_top_inst|sdram_fifo_ctrl:u_sdram_fifo_ctrl|rdFIFO:u_rdfifo|dcfifo:dcfifo|dcfifo_eml1:auto_generated                                                                                   ; work         ;
;                   |a_gray2bin_07b:write_side_gray_converter| ; 3 (3)       ; 0            ; 0           ; 0            ; 0       ; 0         ; 0         ; 0    ; 0            ; 3 (3)        ; 0 (0)             ; 0 (0)            ; 0 (0)           ; 0 (0)      ; |ov5640_hdmi_top|sdram_top:sdram1_top_inst|sdram_fifo_ctrl:u_sdram_fifo_ctrl|rdFIFO:u_rdfifo|dcfifo:dcfifo|dcfifo_eml1:auto_generated|a_gray2bin_07b:write_side_gray_converter                                          ; work         ;
;                   |a_graycounter_036:read_counter_for_write| ; 19 (19)     ; 15           ; 0           ; 0            ; 0       ; 0         ; 0         ; 0    ; 0            ; 4 (4)        ; 0 (0)             ; 15 (15)          ; 0 (0)           ; 0 (0)      ; |ov5640_hdmi_top|sdram_top:sdram1_top_inst|sdram_fifo_ctrl:u_sdram_fifo_ctrl|rdFIFO:u_rdfifo|dcfifo:dcfifo|dcfifo_eml1:auto_generated|a_graycounter_036:read_counter_for_write                                          ; work         ;
;                   |a_graycounter_u26:rdptr_g|                ; 23 (23)     ; 15           ; 0           ; 0            ; 0       ; 0         ; 0         ; 0    ; 0            ; 8 (8)        ; 0 (0)             ; 15 (15)          ; 0 (0)           ; 0 (0)      ; |ov5640_hdmi_top|sdram_top:sdram1_top_inst|sdram_fifo_ctrl:u_sdram_fifo_ctrl|rdFIFO:u_rdfifo|dcfifo:dcfifo|dcfifo_eml1:auto_generated|a_graycounter_u26:rdptr_g                                                         ; work         ;
;                   |a_graycounter_u26:wrptr_g|                ; 19 (19)     ; 15           ; 0           ; 0            ; 0       ; 0         ; 0         ; 0    ; 0            ; 4 (4)        ; 0 (0)             ; 15 (15)          ; 0 (0)           ; 0 (0)      ; |ov5640_hdmi_top|sdram_top:sdram1_top_inst|sdram_fifo_ctrl:u_sdram_fifo_ctrl|rdFIFO:u_rdfifo|dcfifo:dcfifo|dcfifo_eml1:auto_generated|a_graycounter_u26:wrptr_g                                                         ; work         ;
;                   |alt_synch_pipe_3e8:read_sync_registers|   ; 33 (0)      ; 33           ; 0           ; 0            ; 0       ; 0         ; 0         ; 0    ; 0            ; 0 (0)        ; 33 (0)            ; 0 (0)            ; 0 (0)           ; 0 (0)      ; |ov5640_hdmi_top|sdram_top:sdram1_top_inst|sdram_fifo_ctrl:u_sdram_fifo_ctrl|rdFIFO:u_rdfifo|dcfifo:dcfifo|dcfifo_eml1:auto_generated|alt_synch_pipe_3e8:read_sync_registers                                            ; work         ;
;                      |dffpipe_te9:dffpipe14|                 ; 33 (33)     ; 33           ; 0           ; 0            ; 0       ; 0         ; 0         ; 0    ; 0            ; 0 (0)        ; 33 (33)           ; 0 (0)            ; 0 (0)           ; 0 (0)      ; |ov5640_hdmi_top|sdram_top:sdram1_top_inst|sdram_fifo_ctrl:u_sdram_fifo_ctrl|rdFIFO:u_rdfifo|dcfifo:dcfifo|dcfifo_eml1:auto_generated|alt_synch_pipe_3e8:read_sync_registers|dffpipe_te9:dffpipe14                      ; work         ;
;                   |alt_synch_pipe_4e8:write_sync_registers|  ; 33 (0)      ; 33           ; 0           ; 0            ; 0       ; 0         ; 0         ; 0    ; 0            ; 0 (0)        ; 33 (0)            ; 0 (0)            ; 0 (0)           ; 0 (0)      ; |ov5640_hdmi_top|sdram_top:sdram1_top_inst|sdram_fifo_ctrl:u_sdram_fifo_ctrl|rdFIFO:u_rdfifo|dcfifo:dcfifo|dcfifo_eml1:auto_generated|alt_synch_pipe_4e8:write_sync_registers                                           ; work         ;
;                      |dffpipe_ue9:dffpipe18|                 ; 33 (33)     ; 33           ; 0           ; 0            ; 0       ; 0         ; 0         ; 0    ; 0            ; 0 (0)        ; 33 (33)           ; 0 (0)            ; 0 (0)           ; 0 (0)      ; |ov5640_hdmi_top|sdram_top:sdram1_top_inst|sdram_fifo_ctrl:u_sdram_fifo_ctrl|rdFIFO:u_rdfifo|dcfifo:dcfifo|dcfifo_eml1:auto_generated|alt_synch_pipe_4e8:write_sync_registers|dffpipe_ue9:dffpipe18                     ; work         ;
;                   |altsyncram_u861:fifo_ram|                 ; 0 (0)       ; 0            ; 32768       ; 0            ; 0       ; 0         ; 0         ; 0    ; 0            ; 0 (0)        ; 0 (0)             ; 0 (0)            ; 0 (0)           ; 0 (0)      ; |ov5640_hdmi_top|sdram_top:sdram1_top_inst|sdram_fifo_ctrl:u_sdram_fifo_ctrl|rdFIFO:u_rdfifo|dcfifo:dcfifo|dcfifo_eml1:auto_generated|altsyncram_u861:fifo_ram                                                          ; work         ;
;                   |cmpr_ms5:address_comparer|                ; 7 (7)       ; 0            ; 0           ; 0            ; 0       ; 0         ; 0         ; 0    ; 0            ; 7 (7)        ; 0 (0)             ; 0 (0)            ; 0 (0)           ; 0 (0)      ; |ov5640_hdmi_top|sdram_top:sdram1_top_inst|sdram_fifo_ctrl:u_sdram_fifo_ctrl|rdFIFO:u_rdfifo|dcfifo:dcfifo|dcfifo_eml1:auto_generated|cmpr_ms5:address_comparer                                                         ; work         ;
;                   |cntr_cva:wrptr_b|                         ; 11 (11)     ; 11           ; 0           ; 0            ; 0       ; 0         ; 0         ; 0    ; 0            ; 0 (0)        ; 0 (0)             ; 11 (11)          ; 11 (11)         ; 0 (0)      ; |ov5640_hdmi_top|sdram_top:sdram1_top_inst|sdram_fifo_ctrl:u_sdram_fifo_ctrl|rdFIFO:u_rdfifo|dcfifo:dcfifo|dcfifo_eml1:auto_generated|cntr_cva:wrptr_b                                                                  ; work         ;
;                   |scfifo:output_channel|                    ; 76 (0)      ; 69           ; 0           ; 0            ; 0       ; 0         ; 0         ; 0    ; 0            ; 7 (0)        ; 48 (0)            ; 21 (0)           ; 2 (0)           ; 0 (0)      ; |ov5640_hdmi_top|sdram_top:sdram1_top_inst|sdram_fifo_ctrl:u_sdram_fifo_ctrl|rdFIFO:u_rdfifo|dcfifo:dcfifo|dcfifo_eml1:auto_generated|scfifo:output_channel                                                             ; work         ;
;                      |a_fffifo:subfifo|                      ; 76 (3)      ; 69           ; 0           ; 0            ; 0       ; 0         ; 0         ; 0    ; 0            ; 7 (3)        ; 48 (0)            ; 21 (0)           ; 2 (0)           ; 0 (0)      ; |ov5640_hdmi_top|sdram_top:sdram1_top_inst|sdram_fifo_ctrl:u_sdram_fifo_ctrl|rdFIFO:u_rdfifo|dcfifo:dcfifo|dcfifo_eml1:auto_generated|scfifo:output_channel|a_fffifo:subfifo                                            ; work         ;
;                         |a_fefifo:fifo_state|                ; 7 (7)       ; 3            ; 0           ; 0            ; 0       ; 0         ; 0         ; 0    ; 0            ; 4 (4)        ; 0 (0)             ; 3 (3)            ; 0 (0)           ; 0 (0)      ; |ov5640_hdmi_top|sdram_top:sdram1_top_inst|sdram_fifo_ctrl:u_sdram_fifo_ctrl|rdFIFO:u_rdfifo|dcfifo:dcfifo|dcfifo_eml1:auto_generated|scfifo:output_channel|a_fffifo:subfifo|a_fefifo:fifo_state                        ; work         ;
;                         |lpm_counter:rd_ptr|                 ; 2 (0)       ; 2            ; 0           ; 0            ; 0       ; 0         ; 0         ; 0    ; 0            ; 0 (0)        ; 0 (0)             ; 2 (0)            ; 2 (0)           ; 0 (0)      ; |ov5640_hdmi_top|sdram_top:sdram1_top_inst|sdram_fifo_ctrl:u_sdram_fifo_ctrl|rdFIFO:u_rdfifo|dcfifo:dcfifo|dcfifo_eml1:auto_generated|scfifo:output_channel|a_fffifo:subfifo|lpm_counter:rd_ptr                         ; work         ;
;                            |cntr_qve:auto_generated|         ; 2 (2)       ; 2            ; 0           ; 0            ; 0       ; 0         ; 0         ; 0    ; 0            ; 0 (0)        ; 0 (0)             ; 2 (2)            ; 2 (2)           ; 0 (0)      ; |ov5640_hdmi_top|sdram_top:sdram1_top_inst|sdram_fifo_ctrl:u_sdram_fifo_ctrl|rdFIFO:u_rdfifo|dcfifo:dcfifo|dcfifo_eml1:auto_generated|scfifo:output_channel|a_fffifo:subfifo|lpm_counter:rd_ptr|cntr_qve:auto_generated ; work         ;
;                         |lpm_ff:data_node[0][0]|             ; 16 (16)     ; 16           ; 0           ; 0            ; 0       ; 0         ; 0         ; 0    ; 0            ; 0 (0)        ; 16 (16)           ; 0 (0)            ; 0 (0)           ; 0 (0)      ; |ov5640_hdmi_top|sdram_top:sdram1_top_inst|sdram_fifo_ctrl:u_sdram_fifo_ctrl|rdFIFO:u_rdfifo|dcfifo:dcfifo|dcfifo_eml1:auto_generated|scfifo:output_channel|a_fffifo:subfifo|lpm_ff:data_node[0][0]                     ; work         ;
;                         |lpm_ff:last_data_node[0]|           ; 16 (16)     ; 16           ; 0           ; 0            ; 0       ; 0         ; 0         ; 0    ; 0            ; 0 (0)        ; 16 (16)           ; 0 (0)            ; 0 (0)           ; 0 (0)      ; |ov5640_hdmi_top|sdram_top:sdram1_top_inst|sdram_fifo_ctrl:u_sdram_fifo_ctrl|rdFIFO:u_rdfifo|dcfifo:dcfifo|dcfifo_eml1:auto_generated|scfifo:output_channel|a_fffifo:subfifo|lpm_ff:last_data_node[0]                   ; work         ;
;                         |lpm_ff:last_data_node[1]|           ; 16 (16)     ; 16           ; 0           ; 0            ; 0       ; 0         ; 0         ; 0    ; 0            ; 0 (0)        ; 16 (16)           ; 0 (0)            ; 0 (0)           ; 0 (0)      ; |ov5640_hdmi_top|sdram_top:sdram1_top_inst|sdram_fifo_ctrl:u_sdram_fifo_ctrl|rdFIFO:u_rdfifo|dcfifo:dcfifo|dcfifo_eml1:auto_generated|scfifo:output_channel|a_fffifo:subfifo|lpm_ff:last_data_node[1]                   ; work         ;
;                         |lpm_ff:output_buffer|               ; 16 (16)     ; 16           ; 0           ; 0            ; 0       ; 0         ; 0         ; 0    ; 0            ; 0 (0)        ; 0 (0)             ; 16 (16)          ; 0 (0)           ; 0 (0)      ; |ov5640_hdmi_top|sdram_top:sdram1_top_inst|sdram_fifo_ctrl:u_sdram_fifo_ctrl|rdFIFO:u_rdfifo|dcfifo:dcfifo|dcfifo_eml1:auto_generated|scfifo:output_channel|a_fffifo:subfifo|lpm_ff:output_buffer                       ; work         ;
;          |wrFIFO:u_wrfifo|                                   ; 299 (0)     ; 248          ; 32768       ; 0            ; 0       ; 0         ; 0         ; 0    ; 0            ; 51 (0)       ; 134 (0)           ; 114 (0)          ; 44 (0)          ; 0 (0)      ; |ov5640_hdmi_top|sdram_top:sdram1_top_inst|sdram_fifo_ctrl:u_sdram_fifo_ctrl|wrFIFO:u_wrfifo                                                                                                                            ; work         ;
;             |dcfifo:dcfifo|                                  ; 299 (0)     ; 248          ; 32768       ; 0            ; 0       ; 0         ; 0         ; 0    ; 0            ; 51 (0)       ; 134 (0)           ; 114 (0)          ; 44 (0)          ; 0 (0)      ; |ov5640_hdmi_top|sdram_top:sdram1_top_inst|sdram_fifo_ctrl:u_sdram_fifo_ctrl|wrFIFO:u_wrfifo|dcfifo:dcfifo                                                                                                              ; work         ;
;                |dcfifo_rll1:auto_generated|                  ; 299 (62)    ; 248          ; 32768       ; 0            ; 0       ; 0         ; 0         ; 0    ; 0            ; 51 (15)      ; 134 (20)          ; 114 (27)         ; 44 (21)         ; 0 (0)      ; |ov5640_hdmi_top|sdram_top:sdram1_top_inst|sdram_fifo_ctrl:u_sdram_fifo_ctrl|wrFIFO:u_wrfifo|dcfifo:dcfifo|dcfifo_rll1:auto_generated                                                                                   ; work         ;
;                   |a_gray2bin_07b:read_side_gray_converter|  ; 3 (3)       ; 0            ; 0           ; 0            ; 0       ; 0         ; 0         ; 0    ; 0            ; 3 (3)        ; 0 (0)             ; 0 (0)            ; 0 (0)           ; 0 (0)      ; |ov5640_hdmi_top|sdram_top:sdram1_top_inst|sdram_fifo_ctrl:u_sdram_fifo_ctrl|wrFIFO:u_wrfifo|dcfifo:dcfifo|dcfifo_rll1:auto_generated|a_gray2bin_07b:read_side_gray_converter                                           ; work         ;
;                   |a_gray2bin_07b:write_side_gray_converter| ; 3 (3)       ; 0            ; 0           ; 0            ; 0       ; 0         ; 0         ; 0    ; 0            ; 3 (3)        ; 0 (0)             ; 0 (0)            ; 0 (0)           ; 0 (0)      ; |ov5640_hdmi_top|sdram_top:sdram1_top_inst|sdram_fifo_ctrl:u_sdram_fifo_ctrl|wrFIFO:u_wrfifo|dcfifo:dcfifo|dcfifo_rll1:auto_generated|a_gray2bin_07b:write_side_gray_converter                                          ; work         ;
;                   |a_graycounter_u26:rdptr_g|                ; 23 (23)     ; 15           ; 0           ; 0            ; 0       ; 0         ; 0         ; 0    ; 0            ; 8 (8)        ; 0 (0)             ; 15 (15)          ; 0 (0)           ; 0 (0)      ; |ov5640_hdmi_top|sdram_top:sdram1_top_inst|sdram_fifo_ctrl:u_sdram_fifo_ctrl|wrFIFO:u_wrfifo|dcfifo:dcfifo|dcfifo_rll1:auto_generated|a_graycounter_u26:rdptr_g                                                         ; work         ;
;                   |a_graycounter_u26:wrptr_g|                ; 19 (19)     ; 15           ; 0           ; 0            ; 0       ; 0         ; 0         ; 0    ; 0            ; 4 (4)        ; 0 (0)             ; 15 (15)          ; 0 (0)           ; 0 (0)      ; |ov5640_hdmi_top|sdram_top:sdram1_top_inst|sdram_fifo_ctrl:u_sdram_fifo_ctrl|wrFIFO:u_wrfifo|dcfifo:dcfifo|dcfifo_rll1:auto_generated|a_graycounter_u26:wrptr_g                                                         ; work         ;
;                   |a_graycounter_v26:read_counter_for_write| ; 19 (19)     ; 15           ; 0           ; 0            ; 0       ; 0         ; 0         ; 0    ; 0            ; 4 (4)        ; 0 (0)             ; 15 (15)          ; 0 (0)           ; 0 (0)      ; |ov5640_hdmi_top|sdram_top:sdram1_top_inst|sdram_fifo_ctrl:u_sdram_fifo_ctrl|wrFIFO:u_wrfifo|dcfifo:dcfifo|dcfifo_rll1:auto_generated|a_graycounter_v26:read_counter_for_write                                          ; work         ;
;                   |alt_synch_pipe_1e8:read_sync_registers|   ; 33 (0)      ; 33           ; 0           ; 0            ; 0       ; 0         ; 0         ; 0    ; 0            ; 0 (0)        ; 33 (0)            ; 0 (0)            ; 0 (0)           ; 0 (0)      ; |ov5640_hdmi_top|sdram_top:sdram1_top_inst|sdram_fifo_ctrl:u_sdram_fifo_ctrl|wrFIFO:u_wrfifo|dcfifo:dcfifo|dcfifo_rll1:auto_generated|alt_synch_pipe_1e8:read_sync_registers                                            ; work         ;
;                      |dffpipe_re9:dffpipe18|                 ; 33 (33)     ; 33           ; 0           ; 0            ; 0       ; 0         ; 0         ; 0    ; 0            ; 0 (0)        ; 33 (33)           ; 0 (0)            ; 0 (0)           ; 0 (0)      ; |ov5640_hdmi_top|sdram_top:sdram1_top_inst|sdram_fifo_ctrl:u_sdram_fifo_ctrl|wrFIFO:u_wrfifo|dcfifo:dcfifo|dcfifo_rll1:auto_generated|alt_synch_pipe_1e8:read_sync_registers|dffpipe_re9:dffpipe18                      ; work         ;
;                   |alt_synch_pipe_2e8:write_sync_registers|  ; 33 (0)      ; 33           ; 0           ; 0            ; 0       ; 0         ; 0         ; 0    ; 0            ; 0 (0)        ; 33 (0)            ; 0 (0)            ; 0 (0)           ; 0 (0)      ; |ov5640_hdmi_top|sdram_top:sdram1_top_inst|sdram_fifo_ctrl:u_sdram_fifo_ctrl|wrFIFO:u_wrfifo|dcfifo:dcfifo|dcfifo_rll1:auto_generated|alt_synch_pipe_2e8:write_sync_registers                                           ; work         ;
;                      |dffpipe_se9:dffpipe22|                 ; 33 (33)     ; 33           ; 0           ; 0            ; 0       ; 0         ; 0         ; 0    ; 0            ; 0 (0)        ; 33 (33)           ; 0 (0)            ; 0 (0)           ; 0 (0)      ; |ov5640_hdmi_top|sdram_top:sdram1_top_inst|sdram_fifo_ctrl:u_sdram_fifo_ctrl|wrFIFO:u_wrfifo|dcfifo:dcfifo|dcfifo_rll1:auto_generated|alt_synch_pipe_2e8:write_sync_registers|dffpipe_se9:dffpipe22                     ; work         ;
;                   |altsyncram_u861:fifo_ram|                 ; 0 (0)       ; 0            ; 32768       ; 0            ; 0       ; 0         ; 0         ; 0    ; 0            ; 0 (0)        ; 0 (0)             ; 0 (0)            ; 0 (0)           ; 0 (0)      ; |ov5640_hdmi_top|sdram_top:sdram1_top_inst|sdram_fifo_ctrl:u_sdram_fifo_ctrl|wrFIFO:u_wrfifo|dcfifo:dcfifo|dcfifo_rll1:auto_generated|altsyncram_u861:fifo_ram                                                          ; work         ;
;                   |cmpr_ms5:address_comparer|                ; 7 (7)       ; 0            ; 0           ; 0            ; 0       ; 0         ; 0         ; 0    ; 0            ; 7 (7)        ; 0 (0)             ; 0 (0)            ; 0 (0)           ; 0 (0)      ; |ov5640_hdmi_top|sdram_top:sdram1_top_inst|sdram_fifo_ctrl:u_sdram_fifo_ctrl|wrFIFO:u_wrfifo|dcfifo:dcfifo|dcfifo_rll1:auto_generated|cmpr_ms5:address_comparer                                                         ; work         ;
;                   |cntr_cva:rdptr_b|                         ; 10 (10)     ; 10           ; 0           ; 0            ; 0       ; 0         ; 0         ; 0    ; 0            ; 0 (0)        ; 0 (0)             ; 10 (10)          ; 10 (10)         ; 0 (0)      ; |ov5640_hdmi_top|sdram_top:sdram1_top_inst|sdram_fifo_ctrl:u_sdram_fifo_ctrl|wrFIFO:u_wrfifo|dcfifo:dcfifo|dcfifo_rll1:auto_generated|cntr_cva:rdptr_b                                                                  ; work         ;
;                   |cntr_cva:wrptr_b|                         ; 11 (11)     ; 11           ; 0           ; 0            ; 0       ; 0         ; 0         ; 0    ; 0            ; 0 (0)        ; 0 (0)             ; 11 (11)          ; 11 (11)         ; 0 (0)      ; |ov5640_hdmi_top|sdram_top:sdram1_top_inst|sdram_fifo_ctrl:u_sdram_fifo_ctrl|wrFIFO:u_wrfifo|dcfifo:dcfifo|dcfifo_rll1:auto_generated|cntr_cva:wrptr_b                                                                  ; work         ;
;                   |scfifo:output_channel|                    ; 76 (0)      ; 69           ; 0           ; 0            ; 0       ; 0         ; 0         ; 0    ; 0            ; 7 (0)        ; 48 (0)            ; 21 (0)           ; 2 (0)           ; 0 (0)      ; |ov5640_hdmi_top|sdram_top:sdram1_top_inst|sdram_fifo_ctrl:u_sdram_fifo_ctrl|wrFIFO:u_wrfifo|dcfifo:dcfifo|dcfifo_rll1:auto_generated|scfifo:output_channel                                                             ; work         ;
;                      |a_fffifo:subfifo|                      ; 76 (3)      ; 69           ; 0           ; 0            ; 0       ; 0         ; 0         ; 0    ; 0            ; 7 (3)        ; 48 (0)            ; 21 (0)           ; 2 (0)           ; 0 (0)      ; |ov5640_hdmi_top|sdram_top:sdram1_top_inst|sdram_fifo_ctrl:u_sdram_fifo_ctrl|wrFIFO:u_wrfifo|dcfifo:dcfifo|dcfifo_rll1:auto_generated|scfifo:output_channel|a_fffifo:subfifo                                            ; work         ;
;                         |a_fefifo:fifo_state|                ; 7 (7)       ; 3            ; 0           ; 0            ; 0       ; 0         ; 0         ; 0    ; 0            ; 4 (4)        ; 0 (0)             ; 3 (3)            ; 0 (0)           ; 0 (0)      ; |ov5640_hdmi_top|sdram_top:sdram1_top_inst|sdram_fifo_ctrl:u_sdram_fifo_ctrl|wrFIFO:u_wrfifo|dcfifo:dcfifo|dcfifo_rll1:auto_generated|scfifo:output_channel|a_fffifo:subfifo|a_fefifo:fifo_state                        ; work         ;
;                         |lpm_counter:rd_ptr|                 ; 2 (0)       ; 2            ; 0           ; 0            ; 0       ; 0         ; 0         ; 0    ; 0            ; 0 (0)        ; 0 (0)             ; 2 (0)            ; 2 (0)           ; 0 (0)      ; |ov5640_hdmi_top|sdram_top:sdram1_top_inst|sdram_fifo_ctrl:u_sdram_fifo_ctrl|wrFIFO:u_wrfifo|dcfifo:dcfifo|dcfifo_rll1:auto_generated|scfifo:output_channel|a_fffifo:subfifo|lpm_counter:rd_ptr                         ; work         ;
;                            |cntr_qve:auto_generated|         ; 2 (2)       ; 2            ; 0           ; 0            ; 0       ; 0         ; 0         ; 0    ; 0            ; 0 (0)        ; 0 (0)             ; 2 (2)            ; 2 (2)           ; 0 (0)      ; |ov5640_hdmi_top|sdram_top:sdram1_top_inst|sdram_fifo_ctrl:u_sdram_fifo_ctrl|wrFIFO:u_wrfifo|dcfifo:dcfifo|dcfifo_rll1:auto_generated|scfifo:output_channel|a_fffifo:subfifo|lpm_counter:rd_ptr|cntr_qve:auto_generated ; work         ;
;                         |lpm_ff:data_node[0][0]|             ; 16 (16)     ; 16           ; 0           ; 0            ; 0       ; 0         ; 0         ; 0    ; 0            ; 0 (0)        ; 16 (16)           ; 0 (0)            ; 0 (0)           ; 0 (0)      ; |ov5640_hdmi_top|sdram_top:sdram1_top_inst|sdram_fifo_ctrl:u_sdram_fifo_ctrl|wrFIFO:u_wrfifo|dcfifo:dcfifo|dcfifo_rll1:auto_generated|scfifo:output_channel|a_fffifo:subfifo|lpm_ff:data_node[0][0]                     ; work         ;
;                         |lpm_ff:last_data_node[0]|           ; 16 (16)     ; 16           ; 0           ; 0            ; 0       ; 0         ; 0         ; 0    ; 0            ; 0 (0)        ; 16 (16)           ; 0 (0)            ; 0 (0)           ; 0 (0)      ; |ov5640_hdmi_top|sdram_top:sdram1_top_inst|sdram_fifo_ctrl:u_sdram_fifo_ctrl|wrFIFO:u_wrfifo|dcfifo:dcfifo|dcfifo_rll1:auto_generated|scfifo:output_channel|a_fffifo:subfifo|lpm_ff:last_data_node[0]                   ; work         ;
;                         |lpm_ff:last_data_node[1]|           ; 16 (16)     ; 16           ; 0           ; 0            ; 0       ; 0         ; 0         ; 0    ; 0            ; 0 (0)        ; 16 (16)           ; 0 (0)            ; 0 (0)           ; 0 (0)      ; |ov5640_hdmi_top|sdram_top:sdram1_top_inst|sdram_fifo_ctrl:u_sdram_fifo_ctrl|wrFIFO:u_wrfifo|dcfifo:dcfifo|dcfifo_rll1:auto_generated|scfifo:output_channel|a_fffifo:subfifo|lpm_ff:last_data_node[1]                   ; work         ;
;                         |lpm_ff:output_buffer|               ; 16 (16)     ; 16           ; 0           ; 0            ; 0       ; 0         ; 0         ; 0    ; 0            ; 0 (0)        ; 0 (0)             ; 16 (16)          ; 0 (0)           ; 0 (0)      ; |ov5640_hdmi_top|sdram_top:sdram1_top_inst|sdram_fifo_ctrl:u_sdram_fifo_ctrl|wrFIFO:u_wrfifo|dcfifo:dcfifo|dcfifo_rll1:auto_generated|scfifo:output_channel|a_fffifo:subfifo|lpm_ff:output_buffer                       ; work         ;
;    |sil9134_dri:inst_sil9134_dri|                            ; 129 (0)     ; 54           ; 0           ; 0            ; 0       ; 0         ; 0         ; 0    ; 0            ; 75 (0)       ; 16 (0)            ; 38 (0)           ; 26 (0)          ; 0 (0)      ; |ov5640_hdmi_top|sil9134_dri:inst_sil9134_dri                                                                                                                                                                           ; work         ;
;       |i2c_dri:inst_i2c_sil9134_dri|                         ; 105 (105)   ; 34           ; 0           ; 0            ; 0       ; 0         ; 0         ; 0    ; 0            ; 71 (71)      ; 16 (16)           ; 18 (18)          ; 17 (17)         ; 0 (0)      ; |ov5640_hdmi_top|sil9134_dri:inst_sil9134_dri|i2c_dri:inst_i2c_sil9134_dri                                                                                                                                              ; work         ;
;       |i2c_sil9134_hdmi_cfg:inst_i2c_sil9134_hdmi_cfg|       ; 24 (24)     ; 20           ; 0           ; 0            ; 0       ; 0         ; 0         ; 0    ; 0            ; 4 (4)        ; 0 (0)             ; 20 (20)          ; 9 (9)           ; 0 (0)      ; |ov5640_hdmi_top|sil9134_dri:inst_sil9134_dri|i2c_sil9134_hdmi_cfg:inst_i2c_sil9134_hdmi_cfg                                                                                                                            ; work         ;
;    |video_driver:video_driver_inst|                          ; 64 (64)     ; 23           ; 0           ; 0            ; 0       ; 0         ; 0         ; 0    ; 0            ; 41 (41)      ; 0 (0)             ; 23 (23)          ; 22 (22)         ; 0 (0)      ; |ov5640_hdmi_top|video_driver:video_driver_inst                                                                                                                                                                         ; work         ;
+--------------------------------------------------------------+-------------+--------------+-------------+--------------+---------+-----------+-----------+------+--------------+--------------+-------------------+------------------+-----------------+------------+-------------------------------------------------------------------------------------------------------------------------------------------------------------------------------------------------------------------------+--------------+
Note: For table entries with two numbers listed, the numbers in parentheses indicate the number of resources of the given type used by the specific entity alone. The numbers listed outside of parentheses indicate the total resources of the given type used by the specific entity and all of its sub-entities in the hierarchy.


+---------------------------------------------------------------------------------------------------------------------------------------------------------------------------------------------------------------------------------------------------------------+
; Analysis & Synthesis RAM Summary                                                                                                                                                                                                                              ;
+----------------------------------------------------------------------------------------------------------------------------------------------------------+------+------------------+--------------+--------------+--------------+--------------+-------+------+
; Name                                                                                                                                                     ; Type ; Mode             ; Port A Depth ; Port A Width ; Port B Depth ; Port B Width ; Size  ; MIF  ;
+----------------------------------------------------------------------------------------------------------------------------------------------------------+------+------------------+--------------+--------------+--------------+--------------+-------+------+
; sdram_top:sdram1_top_inst|sdram_fifo_ctrl:u_sdram_fifo_ctrl|rdFIFO:u_rdfifo|dcfifo:dcfifo|dcfifo_eml1:auto_generated|altsyncram_u861:fifo_ram|ALTSYNCRAM ; M4K  ; Simple Dual Port ; 2048         ; 16           ; 2048         ; 16           ; 32768 ; None ;
; sdram_top:sdram1_top_inst|sdram_fifo_ctrl:u_sdram_fifo_ctrl|wrFIFO:u_wrfifo|dcfifo:dcfifo|dcfifo_rll1:auto_generated|altsyncram_u861:fifo_ram|ALTSYNCRAM ; M4K  ; Simple Dual Port ; 2048         ; 16           ; 2048         ; 16           ; 32768 ; None ;
+----------------------------------------------------------------------------------------------------------------------------------------------------------+------+------------------+--------------+--------------+--------------+--------------+-------+------+


Encoding Type:  One-Hot
+-------------------------------------------------------------------------------------------------------------------------------------------------------------------------------------------------------------------------------+
; State Machine - |ov5640_hdmi_top|sdram_top:sdram1_top_inst|sdram_fifo_ctrl:u_sdram_fifo_ctrl|rdFIFO:u_rdfifo|dcfifo:dcfifo|dcfifo_eml1:auto_generated|scfifo:output_channel|a_fffifo:subfifo|a_fefifo:fifo_state|sm_emptyfull ;
+--------------+--------------+------------+------------------------------------------------------------------------------------------------------------------------------------------------------------------------------------+
; Name         ; state_middle ; state_full ; state_empty                                                                                                                                                                        ;
+--------------+--------------+------------+------------------------------------------------------------------------------------------------------------------------------------------------------------------------------------+
; state_empty  ; 0            ; 0          ; 0                                                                                                                                                                                  ;
; state_middle ; 1            ; 0          ; 1                                                                                                                                                                                  ;
; state_full   ; 0            ; 1          ; 1                                                                                                                                                                                  ;
+--------------+--------------+------------+------------------------------------------------------------------------------------------------------------------------------------------------------------------------------------+


Encoding Type:  One-Hot
+-------------------------------------------------------------------------------------------------------------------------------------------------------------------------------------------------------------------------------+
; State Machine - |ov5640_hdmi_top|sdram_top:sdram1_top_inst|sdram_fifo_ctrl:u_sdram_fifo_ctrl|wrFIFO:u_wrfifo|dcfifo:dcfifo|dcfifo_rll1:auto_generated|scfifo:output_channel|a_fffifo:subfifo|a_fefifo:fifo_state|sm_emptyfull ;
+--------------+--------------+------------+------------------------------------------------------------------------------------------------------------------------------------------------------------------------------------+
; Name         ; state_middle ; state_full ; state_empty                                                                                                                                                                        ;
+--------------+--------------+------------+------------------------------------------------------------------------------------------------------------------------------------------------------------------------------------+
; state_empty  ; 0            ; 0          ; 0                                                                                                                                                                                  ;
; state_middle ; 1            ; 0          ; 1                                                                                                                                                                                  ;
; state_full   ; 0            ; 1          ; 1                                                                                                                                                                                  ;
+--------------+--------------+------------+------------------------------------------------------------------------------------------------------------------------------------------------------------------------------------+


Encoding Type:  One-Hot
+----------------------------------------------------------------------------------------------------------------------------------------------------------------------------------------------------------------------------------------------------------------------------------------+
; State Machine - |ov5640_hdmi_top|ov5640_top:ov5640_top_inst|i2c_ctrl:i2c_ctrl_inst|state                                                                                                                                                                                               ;
+---------------------+------------+-------------+---------------+-------------+--------------------+---------------+-------------+---------------+-------------+---------------------+-------------+---------------------+-------------+-------------------+---------------+------------+
; Name                ; state.STOP ; state.N_ACK ; state.RD_DATA ; state.ACK_5 ; state.SEND_RD_ADDR ; state.START_2 ; state.ACK_4 ; state.WR_DATA ; state.ACK_3 ; state.SEND_B_ADDR_L ; state.ACK_2 ; state.SEND_B_ADDR_H ; state.ACK_1 ; state.SEND_D_ADDR ; state.START_1 ; state.IDLE ;
+---------------------+------------+-------------+---------------+-------------+--------------------+---------------+-------------+---------------+-------------+---------------------+-------------+---------------------+-------------+-------------------+---------------+------------+
; state.IDLE          ; 0          ; 0           ; 0             ; 0           ; 0                  ; 0             ; 0           ; 0             ; 0           ; 0                   ; 0           ; 0                   ; 0           ; 0                 ; 0             ; 0          ;
; state.START_1       ; 0          ; 0           ; 0             ; 0           ; 0                  ; 0             ; 0           ; 0             ; 0           ; 0                   ; 0           ; 0                   ; 0           ; 0                 ; 1             ; 1          ;
; state.SEND_D_ADDR   ; 0          ; 0           ; 0             ; 0           ; 0                  ; 0             ; 0           ; 0             ; 0           ; 0                   ; 0           ; 0                   ; 0           ; 1                 ; 0             ; 1          ;
; state.ACK_1         ; 0          ; 0           ; 0             ; 0           ; 0                  ; 0             ; 0           ; 0             ; 0           ; 0                   ; 0           ; 0                   ; 1           ; 0                 ; 0             ; 1          ;
; state.SEND_B_ADDR_H ; 0          ; 0           ; 0             ; 0           ; 0                  ; 0             ; 0           ; 0             ; 0           ; 0                   ; 0           ; 1                   ; 0           ; 0                 ; 0             ; 1          ;
; state.ACK_2         ; 0          ; 0           ; 0             ; 0           ; 0                  ; 0             ; 0           ; 0             ; 0           ; 0                   ; 1           ; 0                   ; 0           ; 0                 ; 0             ; 1          ;
; state.SEND_B_ADDR_L ; 0          ; 0           ; 0             ; 0           ; 0                  ; 0             ; 0           ; 0             ; 0           ; 1                   ; 0           ; 0                   ; 0           ; 0                 ; 0             ; 1          ;
; state.ACK_3         ; 0          ; 0           ; 0             ; 0           ; 0                  ; 0             ; 0           ; 0             ; 1           ; 0                   ; 0           ; 0                   ; 0           ; 0                 ; 0             ; 1          ;
; state.WR_DATA       ; 0          ; 0           ; 0             ; 0           ; 0                  ; 0             ; 0           ; 1             ; 0           ; 0                   ; 0           ; 0                   ; 0           ; 0                 ; 0             ; 1          ;
; state.ACK_4         ; 0          ; 0           ; 0             ; 0           ; 0                  ; 0             ; 1           ; 0             ; 0           ; 0                   ; 0           ; 0                   ; 0           ; 0                 ; 0             ; 1          ;
; state.START_2       ; 0          ; 0           ; 0             ; 0           ; 0                  ; 1             ; 0           ; 0             ; 0           ; 0                   ; 0           ; 0                   ; 0           ; 0                 ; 0             ; 1          ;
; state.SEND_RD_ADDR  ; 0          ; 0           ; 0             ; 0           ; 1                  ; 0             ; 0           ; 0             ; 0           ; 0                   ; 0           ; 0                   ; 0           ; 0                 ; 0             ; 1          ;
; state.ACK_5         ; 0          ; 0           ; 0             ; 1           ; 0                  ; 0             ; 0           ; 0             ; 0           ; 0                   ; 0           ; 0                   ; 0           ; 0                 ; 0             ; 1          ;
; state.RD_DATA       ; 0          ; 0           ; 1             ; 0           ; 0                  ; 0             ; 0           ; 0             ; 0           ; 0                   ; 0           ; 0                   ; 0           ; 0                 ; 0             ; 1          ;
; state.N_ACK         ; 0          ; 1           ; 0             ; 0           ; 0                  ; 0             ; 0           ; 0             ; 0           ; 0                   ; 0           ; 0                   ; 0           ; 0                 ; 0             ; 1          ;
; state.STOP          ; 1          ; 0           ; 0             ; 0           ; 0                  ; 0             ; 0           ; 0             ; 0           ; 0                   ; 0           ; 0                   ; 0           ; 0                 ; 0             ; 1          ;
+---------------------+------------+-------------+---------------+-------------+--------------------+---------------+-------------+---------------+-------------+---------------------+-------------+---------------------+-------------+-------------------+---------------+------------+


Encoding Type:  One-Hot
+----------------------------------------------------------------------------------------------------------------------------------------------------------------------------------------------------+
; State Machine - |ov5640_hdmi_top|sil9134_dri:inst_sil9134_dri|i2c_dri:inst_i2c_sil9134_dri|cur_state                                                                                               ;
+----------------------+-------------------+----------------------+----------------------+----------------------+--------------------+---------------------+---------------------+-------------------+
; Name                 ; cur_state.st_stop ; cur_state.st_data_rd ; cur_state.st_addr_rd ; cur_state.st_data_wr ; cur_state.st_addr8 ; cur_state.st_addr16 ; cur_state.st_sladdr ; cur_state.st_idle ;
+----------------------+-------------------+----------------------+----------------------+----------------------+--------------------+---------------------+---------------------+-------------------+
; cur_state.st_idle    ; 0                 ; 0                    ; 0                    ; 0                    ; 0                  ; 0                   ; 0                   ; 0                 ;
; cur_state.st_sladdr  ; 0                 ; 0                    ; 0                    ; 0                    ; 0                  ; 0                   ; 1                   ; 1                 ;
; cur_state.st_addr16  ; 0                 ; 0                    ; 0                    ; 0                    ; 0                  ; 1                   ; 0                   ; 1                 ;
; cur_state.st_addr8   ; 0                 ; 0                    ; 0                    ; 0                    ; 1                  ; 0                   ; 0                   ; 1                 ;
; cur_state.st_data_wr ; 0                 ; 0                    ; 0                    ; 1                    ; 0                  ; 0                   ; 0                   ; 1                 ;
; cur_state.st_addr_rd ; 0                 ; 0                    ; 1                    ; 0                    ; 0                  ; 0                   ; 0                   ; 1                 ;
; cur_state.st_data_rd ; 0                 ; 1                    ; 0                    ; 0                    ; 0                  ; 0                   ; 0                   ; 1                 ;
; cur_state.st_stop    ; 1                 ; 0                    ; 0                    ; 0                    ; 0                  ; 0                   ; 0                   ; 1                 ;
+----------------------+-------------------+----------------------+----------------------+----------------------+--------------------+---------------------+---------------------+-------------------+


+-------------------------------------------------------------------------------------------------------------------------------------------+
; User-Specified and Inferred Latches                                                                                                       ;
+-------------------------------------------------------+----------------------------------------------------------+------------------------+
; Latch Name                                            ; Latch Enable Signal                                      ; Free of Timing Hazards ;
+-------------------------------------------------------+----------------------------------------------------------+------------------------+
; ov5640_top:ov5640_top_inst|i2c_ctrl:i2c_ctrl_inst|ack ; ov5640_top:ov5640_top_inst|i2c_ctrl:i2c_ctrl_inst|Equal4 ; yes                    ;
; Number of user-specified and inferred latches = 1     ;                                                          ;                        ;
+-------------------------------------------------------+----------------------------------------------------------+------------------------+
Note: All latches listed above may not be present at the end of synthesis due to various synthesis optimizations.


+-------------------------------------------------------------------------------------------------------------------------------------------------------------------------------------------------------------------------------------------------------------------------------------------------------------------------------------------------------------------------------------------------------+
; Registers Removed During Synthesis                                                                                                                                                                                                                                                                                                                                                                    ;
+---------------------------------------------------------------------------------------------------------------------------------------------------------------------------------------------+---------------------------------------------------------------------------------------------------------------------------------------------------------------------------------------------------------+
; Register name                                                                                                                                                                               ; Reason for Removal                                                                                                                                                                                      ;
+---------------------------------------------------------------------------------------------------------------------------------------------------------------------------------------------+---------------------------------------------------------------------------------------------------------------------------------------------------------------------------------------------------------+
; sdram_top:sdram1_top_inst|sdram_controller:u_sdram_controller|sdram_ctrl:u_sdram_ctrl|init_state[3,4]                                                                                       ; Stuck at GND due to stuck port data_in                                                                                                                                                                  ;
; sil9134_dri:inst_sil9134_dri|i2c_sil9134_hdmi_cfg:inst_i2c_sil9134_hdmi_cfg|i2c_rh_wl                                                                                                       ; Stuck at GND due to stuck port data_in                                                                                                                                                                  ;
; sil9134_dri:inst_sil9134_dri|i2c_sil9134_hdmi_cfg:inst_i2c_sil9134_hdmi_cfg|i2c_data[1,3,6,7,12,15,23]                                                                                      ; Stuck at GND due to stuck port data_in                                                                                                                                                                  ;
; sdram_top:sdram1_top_inst|sdram_fifo_ctrl:u_sdram_fifo_ctrl|rdFIFO:u_rdfifo|dcfifo:dcfifo|dcfifo_eml1:auto_generated|cntr_cva:rdptr_b|safe_q[0..10]                                         ; Lost fanout                                                                                                                                                                                             ;
; sdram_top:sdram1_top_inst|sdram_fifo_ctrl:u_sdram_fifo_ctrl|wrFIFO:u_wrfifo|dcfifo:dcfifo|dcfifo_rll1:auto_generated|cntr_cva:rdptr_b|safe_q[10]                                            ; Lost fanout                                                                                                                                                                                             ;
; sil9134_dri:inst_sil9134_dri|i2c_dri:inst_i2c_sil9134_dri|wr_flag                                                                                                                           ; Stuck at GND due to stuck port data_in                                                                                                                                                                  ;
; sil9134_dri:inst_sil9134_dri|i2c_dri:inst_i2c_sil9134_dri|addr_t[4,7..15]                                                                                                                   ; Stuck at GND due to stuck port data_in                                                                                                                                                                  ;
; sil9134_dri:inst_sil9134_dri|i2c_dri:inst_i2c_sil9134_dri|data_wr_t[1,3,6,7]                                                                                                                ; Stuck at GND due to stuck port data_in                                                                                                                                                                  ;
; sil9134_dri:inst_sil9134_dri|i2c_sil9134_hdmi_cfg:inst_i2c_sil9134_hdmi_cfg|i2c_data[11]                                                                                                    ; Merged with sil9134_dri:inst_sil9134_dri|i2c_sil9134_hdmi_cfg:inst_i2c_sil9134_hdmi_cfg|i2c_data[17]                                                                                                    ;
; sil9134_dri:inst_sil9134_dri|i2c_sil9134_hdmi_cfg:inst_i2c_sil9134_hdmi_cfg|i2c_data[17]                                                                                                    ; Merged with sil9134_dri:inst_sil9134_dri|i2c_sil9134_hdmi_cfg:inst_i2c_sil9134_hdmi_cfg|i2c_data[18]                                                                                                    ;
; sil9134_dri:inst_sil9134_dri|i2c_sil9134_hdmi_cfg:inst_i2c_sil9134_hdmi_cfg|i2c_data[18]                                                                                                    ; Merged with sil9134_dri:inst_sil9134_dri|i2c_sil9134_hdmi_cfg:inst_i2c_sil9134_hdmi_cfg|i2c_data[20]                                                                                                    ;
; sil9134_dri:inst_sil9134_dri|i2c_sil9134_hdmi_cfg:inst_i2c_sil9134_hdmi_cfg|i2c_data[20]                                                                                                    ; Merged with sil9134_dri:inst_sil9134_dri|i2c_sil9134_hdmi_cfg:inst_i2c_sil9134_hdmi_cfg|i2c_data[21]                                                                                                    ;
; sil9134_dri:inst_sil9134_dri|i2c_sil9134_hdmi_cfg:inst_i2c_sil9134_hdmi_cfg|i2c_data[21]                                                                                                    ; Merged with sil9134_dri:inst_sil9134_dri|i2c_sil9134_hdmi_cfg:inst_i2c_sil9134_hdmi_cfg|i2c_data[22]                                                                                                    ;
; sdram_top:sdram1_top_inst|sdram_fifo_ctrl:u_sdram_fifo_ctrl|rd_load_r1                                                                                                                      ; Merged with sdram_top:sdram1_top_inst|sdram_fifo_ctrl:u_sdram_fifo_ctrl|wr_load_r1                                                                                                                      ;
; sdram_top:sdram1_top_inst|sdram_fifo_ctrl:u_sdram_fifo_ctrl|rd_load_r2                                                                                                                      ; Merged with sdram_top:sdram1_top_inst|sdram_fifo_ctrl:u_sdram_fifo_ctrl|wr_load_r2                                                                                                                      ;
; sdram_top:sdram1_top_inst|sdram_fifo_ctrl:u_sdram_fifo_ctrl|sdram_wr_addr[0..7]                                                                                                             ; Merged with sdram_top:sdram1_top_inst|sdram_fifo_ctrl:u_sdram_fifo_ctrl|sdram_wr_addr[8]                                                                                                                ;
; sdram_top:sdram1_top_inst|sdram_fifo_ctrl:u_sdram_fifo_ctrl|sdram_rd_addr[0..7]                                                                                                             ; Merged with sdram_top:sdram1_top_inst|sdram_fifo_ctrl:u_sdram_fifo_ctrl|sdram_rd_addr[8]                                                                                                                ;
; sdram_top:sdram1_top_inst|sdram_fifo_ctrl:u_sdram_fifo_ctrl|rdFIFO:u_rdfifo|dcfifo:dcfifo|dcfifo_eml1:auto_generated|dffe5a[9]                                                              ; Merged with sdram_top:sdram1_top_inst|sdram_fifo_ctrl:u_sdram_fifo_ctrl|rdFIFO:u_rdfifo|dcfifo:dcfifo|dcfifo_eml1:auto_generated|dffe4a[9]                                                              ;
; sdram_top:sdram1_top_inst|sdram_fifo_ctrl:u_sdram_fifo_ctrl|rdFIFO:u_rdfifo|dcfifo:dcfifo|dcfifo_eml1:auto_generated|dffe5a[8]                                                              ; Merged with sdram_top:sdram1_top_inst|sdram_fifo_ctrl:u_sdram_fifo_ctrl|rdFIFO:u_rdfifo|dcfifo:dcfifo|dcfifo_eml1:auto_generated|dffe4a[8]                                                              ;
; sdram_top:sdram1_top_inst|sdram_fifo_ctrl:u_sdram_fifo_ctrl|rdFIFO:u_rdfifo|dcfifo:dcfifo|dcfifo_eml1:auto_generated|dffe5a[7]                                                              ; Merged with sdram_top:sdram1_top_inst|sdram_fifo_ctrl:u_sdram_fifo_ctrl|rdFIFO:u_rdfifo|dcfifo:dcfifo|dcfifo_eml1:auto_generated|dffe4a[7]                                                              ;
; sdram_top:sdram1_top_inst|sdram_fifo_ctrl:u_sdram_fifo_ctrl|rdFIFO:u_rdfifo|dcfifo:dcfifo|dcfifo_eml1:auto_generated|dffe5a[6]                                                              ; Merged with sdram_top:sdram1_top_inst|sdram_fifo_ctrl:u_sdram_fifo_ctrl|rdFIFO:u_rdfifo|dcfifo:dcfifo|dcfifo_eml1:auto_generated|dffe4a[6]                                                              ;
; sdram_top:sdram1_top_inst|sdram_fifo_ctrl:u_sdram_fifo_ctrl|rdFIFO:u_rdfifo|dcfifo:dcfifo|dcfifo_eml1:auto_generated|dffe5a[5]                                                              ; Merged with sdram_top:sdram1_top_inst|sdram_fifo_ctrl:u_sdram_fifo_ctrl|rdFIFO:u_rdfifo|dcfifo:dcfifo|dcfifo_eml1:auto_generated|dffe4a[5]                                                              ;
; sdram_top:sdram1_top_inst|sdram_fifo_ctrl:u_sdram_fifo_ctrl|rdFIFO:u_rdfifo|dcfifo:dcfifo|dcfifo_eml1:auto_generated|dffe5a[4]                                                              ; Merged with sdram_top:sdram1_top_inst|sdram_fifo_ctrl:u_sdram_fifo_ctrl|rdFIFO:u_rdfifo|dcfifo:dcfifo|dcfifo_eml1:auto_generated|dffe4a[4]                                                              ;
; sdram_top:sdram1_top_inst|sdram_fifo_ctrl:u_sdram_fifo_ctrl|rdFIFO:u_rdfifo|dcfifo:dcfifo|dcfifo_eml1:auto_generated|dffe5a[3]                                                              ; Merged with sdram_top:sdram1_top_inst|sdram_fifo_ctrl:u_sdram_fifo_ctrl|rdFIFO:u_rdfifo|dcfifo:dcfifo|dcfifo_eml1:auto_generated|dffe4a[3]                                                              ;
; sdram_top:sdram1_top_inst|sdram_fifo_ctrl:u_sdram_fifo_ctrl|rdFIFO:u_rdfifo|dcfifo:dcfifo|dcfifo_eml1:auto_generated|dffe5a[2]                                                              ; Merged with sdram_top:sdram1_top_inst|sdram_fifo_ctrl:u_sdram_fifo_ctrl|rdFIFO:u_rdfifo|dcfifo:dcfifo|dcfifo_eml1:auto_generated|dffe4a[2]                                                              ;
; sdram_top:sdram1_top_inst|sdram_fifo_ctrl:u_sdram_fifo_ctrl|rdFIFO:u_rdfifo|dcfifo:dcfifo|dcfifo_eml1:auto_generated|dffe5a[1]                                                              ; Merged with sdram_top:sdram1_top_inst|sdram_fifo_ctrl:u_sdram_fifo_ctrl|rdFIFO:u_rdfifo|dcfifo:dcfifo|dcfifo_eml1:auto_generated|dffe4a[1]                                                              ;
; sdram_top:sdram1_top_inst|sdram_fifo_ctrl:u_sdram_fifo_ctrl|rdFIFO:u_rdfifo|dcfifo:dcfifo|dcfifo_eml1:auto_generated|dffe5a[0]                                                              ; Merged with sdram_top:sdram1_top_inst|sdram_fifo_ctrl:u_sdram_fifo_ctrl|rdFIFO:u_rdfifo|dcfifo:dcfifo|dcfifo_eml1:auto_generated|dffe4a[0]                                                              ;
; sdram_top:sdram1_top_inst|sdram_fifo_ctrl:u_sdram_fifo_ctrl|rdFIFO:u_rdfifo|dcfifo:dcfifo|dcfifo_eml1:auto_generated|scfifo:output_channel|a_fffifo:subfifo|lpm_ff:data_node[0][1]|dffs[15] ; Merged with sdram_top:sdram1_top_inst|sdram_fifo_ctrl:u_sdram_fifo_ctrl|rdFIFO:u_rdfifo|dcfifo:dcfifo|dcfifo_eml1:auto_generated|scfifo:output_channel|a_fffifo:subfifo|lpm_ff:data_node[0][0]|dffs[15] ;
; sdram_top:sdram1_top_inst|sdram_fifo_ctrl:u_sdram_fifo_ctrl|rdFIFO:u_rdfifo|dcfifo:dcfifo|dcfifo_eml1:auto_generated|scfifo:output_channel|a_fffifo:subfifo|lpm_ff:data_node[0][1]|dffs[14] ; Merged with sdram_top:sdram1_top_inst|sdram_fifo_ctrl:u_sdram_fifo_ctrl|rdFIFO:u_rdfifo|dcfifo:dcfifo|dcfifo_eml1:auto_generated|scfifo:output_channel|a_fffifo:subfifo|lpm_ff:data_node[0][0]|dffs[14] ;
; sdram_top:sdram1_top_inst|sdram_fifo_ctrl:u_sdram_fifo_ctrl|rdFIFO:u_rdfifo|dcfifo:dcfifo|dcfifo_eml1:auto_generated|scfifo:output_channel|a_fffifo:subfifo|lpm_ff:data_node[0][1]|dffs[13] ; Merged with sdram_top:sdram1_top_inst|sdram_fifo_ctrl:u_sdram_fifo_ctrl|rdFIFO:u_rdfifo|dcfifo:dcfifo|dcfifo_eml1:auto_generated|scfifo:output_channel|a_fffifo:subfifo|lpm_ff:data_node[0][0]|dffs[13] ;
; sdram_top:sdram1_top_inst|sdram_fifo_ctrl:u_sdram_fifo_ctrl|rdFIFO:u_rdfifo|dcfifo:dcfifo|dcfifo_eml1:auto_generated|scfifo:output_channel|a_fffifo:subfifo|lpm_ff:data_node[0][1]|dffs[12] ; Merged with sdram_top:sdram1_top_inst|sdram_fifo_ctrl:u_sdram_fifo_ctrl|rdFIFO:u_rdfifo|dcfifo:dcfifo|dcfifo_eml1:auto_generated|scfifo:output_channel|a_fffifo:subfifo|lpm_ff:data_node[0][0]|dffs[12] ;
; sdram_top:sdram1_top_inst|sdram_fifo_ctrl:u_sdram_fifo_ctrl|rdFIFO:u_rdfifo|dcfifo:dcfifo|dcfifo_eml1:auto_generated|scfifo:output_channel|a_fffifo:subfifo|lpm_ff:data_node[0][1]|dffs[11] ; Merged with sdram_top:sdram1_top_inst|sdram_fifo_ctrl:u_sdram_fifo_ctrl|rdFIFO:u_rdfifo|dcfifo:dcfifo|dcfifo_eml1:auto_generated|scfifo:output_channel|a_fffifo:subfifo|lpm_ff:data_node[0][0]|dffs[11] ;
; sdram_top:sdram1_top_inst|sdram_fifo_ctrl:u_sdram_fifo_ctrl|rdFIFO:u_rdfifo|dcfifo:dcfifo|dcfifo_eml1:auto_generated|scfifo:output_channel|a_fffifo:subfifo|lpm_ff:data_node[0][1]|dffs[10] ; Merged with sdram_top:sdram1_top_inst|sdram_fifo_ctrl:u_sdram_fifo_ctrl|rdFIFO:u_rdfifo|dcfifo:dcfifo|dcfifo_eml1:auto_generated|scfifo:output_channel|a_fffifo:subfifo|lpm_ff:data_node[0][0]|dffs[10] ;
; sdram_top:sdram1_top_inst|sdram_fifo_ctrl:u_sdram_fifo_ctrl|rdFIFO:u_rdfifo|dcfifo:dcfifo|dcfifo_eml1:auto_generated|scfifo:output_channel|a_fffifo:subfifo|lpm_ff:data_node[0][1]|dffs[9]  ; Merged with sdram_top:sdram1_top_inst|sdram_fifo_ctrl:u_sdram_fifo_ctrl|rdFIFO:u_rdfifo|dcfifo:dcfifo|dcfifo_eml1:auto_generated|scfifo:output_channel|a_fffifo:subfifo|lpm_ff:data_node[0][0]|dffs[9]  ;
; sdram_top:sdram1_top_inst|sdram_fifo_ctrl:u_sdram_fifo_ctrl|rdFIFO:u_rdfifo|dcfifo:dcfifo|dcfifo_eml1:auto_generated|scfifo:output_channel|a_fffifo:subfifo|lpm_ff:data_node[0][1]|dffs[8]  ; Merged with sdram_top:sdram1_top_inst|sdram_fifo_ctrl:u_sdram_fifo_ctrl|rdFIFO:u_rdfifo|dcfifo:dcfifo|dcfifo_eml1:auto_generated|scfifo:output_channel|a_fffifo:subfifo|lpm_ff:data_node[0][0]|dffs[8]  ;
; sdram_top:sdram1_top_inst|sdram_fifo_ctrl:u_sdram_fifo_ctrl|rdFIFO:u_rdfifo|dcfifo:dcfifo|dcfifo_eml1:auto_generated|scfifo:output_channel|a_fffifo:subfifo|lpm_ff:data_node[0][1]|dffs[7]  ; Merged with sdram_top:sdram1_top_inst|sdram_fifo_ctrl:u_sdram_fifo_ctrl|rdFIFO:u_rdfifo|dcfifo:dcfifo|dcfifo_eml1:auto_generated|scfifo:output_channel|a_fffifo:subfifo|lpm_ff:data_node[0][0]|dffs[7]  ;
; sdram_top:sdram1_top_inst|sdram_fifo_ctrl:u_sdram_fifo_ctrl|rdFIFO:u_rdfifo|dcfifo:dcfifo|dcfifo_eml1:auto_generated|scfifo:output_channel|a_fffifo:subfifo|lpm_ff:data_node[0][1]|dffs[6]  ; Merged with sdram_top:sdram1_top_inst|sdram_fifo_ctrl:u_sdram_fifo_ctrl|rdFIFO:u_rdfifo|dcfifo:dcfifo|dcfifo_eml1:auto_generated|scfifo:output_channel|a_fffifo:subfifo|lpm_ff:data_node[0][0]|dffs[6]  ;
; sdram_top:sdram1_top_inst|sdram_fifo_ctrl:u_sdram_fifo_ctrl|rdFIFO:u_rdfifo|dcfifo:dcfifo|dcfifo_eml1:auto_generated|scfifo:output_channel|a_fffifo:subfifo|lpm_ff:data_node[0][1]|dffs[5]  ; Merged with sdram_top:sdram1_top_inst|sdram_fifo_ctrl:u_sdram_fifo_ctrl|rdFIFO:u_rdfifo|dcfifo:dcfifo|dcfifo_eml1:auto_generated|scfifo:output_channel|a_fffifo:subfifo|lpm_ff:data_node[0][0]|dffs[5]  ;
; sdram_top:sdram1_top_inst|sdram_fifo_ctrl:u_sdram_fifo_ctrl|rdFIFO:u_rdfifo|dcfifo:dcfifo|dcfifo_eml1:auto_generated|scfifo:output_channel|a_fffifo:subfifo|lpm_ff:data_node[0][1]|dffs[4]  ; Merged with sdram_top:sdram1_top_inst|sdram_fifo_ctrl:u_sdram_fifo_ctrl|rdFIFO:u_rdfifo|dcfifo:dcfifo|dcfifo_eml1:auto_generated|scfifo:output_channel|a_fffifo:subfifo|lpm_ff:data_node[0][0]|dffs[4]  ;
; sdram_top:sdram1_top_inst|sdram_fifo_ctrl:u_sdram_fifo_ctrl|rdFIFO:u_rdfifo|dcfifo:dcfifo|dcfifo_eml1:auto_generated|scfifo:output_channel|a_fffifo:subfifo|lpm_ff:data_node[0][1]|dffs[3]  ; Merged with sdram_top:sdram1_top_inst|sdram_fifo_ctrl:u_sdram_fifo_ctrl|rdFIFO:u_rdfifo|dcfifo:dcfifo|dcfifo_eml1:auto_generated|scfifo:output_channel|a_fffifo:subfifo|lpm_ff:data_node[0][0]|dffs[3]  ;
; sdram_top:sdram1_top_inst|sdram_fifo_ctrl:u_sdram_fifo_ctrl|rdFIFO:u_rdfifo|dcfifo:dcfifo|dcfifo_eml1:auto_generated|scfifo:output_channel|a_fffifo:subfifo|lpm_ff:data_node[0][1]|dffs[2]  ; Merged with sdram_top:sdram1_top_inst|sdram_fifo_ctrl:u_sdram_fifo_ctrl|rdFIFO:u_rdfifo|dcfifo:dcfifo|dcfifo_eml1:auto_generated|scfifo:output_channel|a_fffifo:subfifo|lpm_ff:data_node[0][0]|dffs[2]  ;
; sdram_top:sdram1_top_inst|sdram_fifo_ctrl:u_sdram_fifo_ctrl|rdFIFO:u_rdfifo|dcfifo:dcfifo|dcfifo_eml1:auto_generated|scfifo:output_channel|a_fffifo:subfifo|lpm_ff:data_node[0][1]|dffs[1]  ; Merged with sdram_top:sdram1_top_inst|sdram_fifo_ctrl:u_sdram_fifo_ctrl|rdFIFO:u_rdfifo|dcfifo:dcfifo|dcfifo_eml1:auto_generated|scfifo:output_channel|a_fffifo:subfifo|lpm_ff:data_node[0][0]|dffs[1]  ;
; sdram_top:sdram1_top_inst|sdram_fifo_ctrl:u_sdram_fifo_ctrl|rdFIFO:u_rdfifo|dcfifo:dcfifo|dcfifo_eml1:auto_generated|scfifo:output_channel|a_fffifo:subfifo|lpm_ff:data_node[0][1]|dffs[0]  ; Merged with sdram_top:sdram1_top_inst|sdram_fifo_ctrl:u_sdram_fifo_ctrl|rdFIFO:u_rdfifo|dcfifo:dcfifo|dcfifo_eml1:auto_generated|scfifo:output_channel|a_fffifo:subfifo|lpm_ff:data_node[0][0]|dffs[0]  ;
; sdram_top:sdram1_top_inst|sdram_fifo_ctrl:u_sdram_fifo_ctrl|wrFIFO:u_wrfifo|dcfifo:dcfifo|dcfifo_rll1:auto_generated|scfifo:output_channel|a_fffifo:subfifo|lpm_ff:data_node[0][1]|dffs[15] ; Merged with sdram_top:sdram1_top_inst|sdram_fifo_ctrl:u_sdram_fifo_ctrl|wrFIFO:u_wrfifo|dcfifo:dcfifo|dcfifo_rll1:auto_generated|scfifo:output_channel|a_fffifo:subfifo|lpm_ff:data_node[0][0]|dffs[15] ;
; sdram_top:sdram1_top_inst|sdram_fifo_ctrl:u_sdram_fifo_ctrl|wrFIFO:u_wrfifo|dcfifo:dcfifo|dcfifo_rll1:auto_generated|scfifo:output_channel|a_fffifo:subfifo|lpm_ff:data_node[0][1]|dffs[14] ; Merged with sdram_top:sdram1_top_inst|sdram_fifo_ctrl:u_sdram_fifo_ctrl|wrFIFO:u_wrfifo|dcfifo:dcfifo|dcfifo_rll1:auto_generated|scfifo:output_channel|a_fffifo:subfifo|lpm_ff:data_node[0][0]|dffs[14] ;
; sdram_top:sdram1_top_inst|sdram_fifo_ctrl:u_sdram_fifo_ctrl|wrFIFO:u_wrfifo|dcfifo:dcfifo|dcfifo_rll1:auto_generated|scfifo:output_channel|a_fffifo:subfifo|lpm_ff:data_node[0][1]|dffs[13] ; Merged with sdram_top:sdram1_top_inst|sdram_fifo_ctrl:u_sdram_fifo_ctrl|wrFIFO:u_wrfifo|dcfifo:dcfifo|dcfifo_rll1:auto_generated|scfifo:output_channel|a_fffifo:subfifo|lpm_ff:data_node[0][0]|dffs[13] ;
; sdram_top:sdram1_top_inst|sdram_fifo_ctrl:u_sdram_fifo_ctrl|wrFIFO:u_wrfifo|dcfifo:dcfifo|dcfifo_rll1:auto_generated|scfifo:output_channel|a_fffifo:subfifo|lpm_ff:data_node[0][1]|dffs[12] ; Merged with sdram_top:sdram1_top_inst|sdram_fifo_ctrl:u_sdram_fifo_ctrl|wrFIFO:u_wrfifo|dcfifo:dcfifo|dcfifo_rll1:auto_generated|scfifo:output_channel|a_fffifo:subfifo|lpm_ff:data_node[0][0]|dffs[12] ;
; sdram_top:sdram1_top_inst|sdram_fifo_ctrl:u_sdram_fifo_ctrl|wrFIFO:u_wrfifo|dcfifo:dcfifo|dcfifo_rll1:auto_generated|scfifo:output_channel|a_fffifo:subfifo|lpm_ff:data_node[0][1]|dffs[11] ; Merged with sdram_top:sdram1_top_inst|sdram_fifo_ctrl:u_sdram_fifo_ctrl|wrFIFO:u_wrfifo|dcfifo:dcfifo|dcfifo_rll1:auto_generated|scfifo:output_channel|a_fffifo:subfifo|lpm_ff:data_node[0][0]|dffs[11] ;
; sdram_top:sdram1_top_inst|sdram_fifo_ctrl:u_sdram_fifo_ctrl|wrFIFO:u_wrfifo|dcfifo:dcfifo|dcfifo_rll1:auto_generated|scfifo:output_channel|a_fffifo:subfifo|lpm_ff:data_node[0][1]|dffs[10] ; Merged with sdram_top:sdram1_top_inst|sdram_fifo_ctrl:u_sdram_fifo_ctrl|wrFIFO:u_wrfifo|dcfifo:dcfifo|dcfifo_rll1:auto_generated|scfifo:output_channel|a_fffifo:subfifo|lpm_ff:data_node[0][0]|dffs[10] ;
; sdram_top:sdram1_top_inst|sdram_fifo_ctrl:u_sdram_fifo_ctrl|wrFIFO:u_wrfifo|dcfifo:dcfifo|dcfifo_rll1:auto_generated|scfifo:output_channel|a_fffifo:subfifo|lpm_ff:data_node[0][1]|dffs[9]  ; Merged with sdram_top:sdram1_top_inst|sdram_fifo_ctrl:u_sdram_fifo_ctrl|wrFIFO:u_wrfifo|dcfifo:dcfifo|dcfifo_rll1:auto_generated|scfifo:output_channel|a_fffifo:subfifo|lpm_ff:data_node[0][0]|dffs[9]  ;
; sdram_top:sdram1_top_inst|sdram_fifo_ctrl:u_sdram_fifo_ctrl|wrFIFO:u_wrfifo|dcfifo:dcfifo|dcfifo_rll1:auto_generated|scfifo:output_channel|a_fffifo:subfifo|lpm_ff:data_node[0][1]|dffs[8]  ; Merged with sdram_top:sdram1_top_inst|sdram_fifo_ctrl:u_sdram_fifo_ctrl|wrFIFO:u_wrfifo|dcfifo:dcfifo|dcfifo_rll1:auto_generated|scfifo:output_channel|a_fffifo:subfifo|lpm_ff:data_node[0][0]|dffs[8]  ;
; sdram_top:sdram1_top_inst|sdram_fifo_ctrl:u_sdram_fifo_ctrl|wrFIFO:u_wrfifo|dcfifo:dcfifo|dcfifo_rll1:auto_generated|scfifo:output_channel|a_fffifo:subfifo|lpm_ff:data_node[0][1]|dffs[7]  ; Merged with sdram_top:sdram1_top_inst|sdram_fifo_ctrl:u_sdram_fifo_ctrl|wrFIFO:u_wrfifo|dcfifo:dcfifo|dcfifo_rll1:auto_generated|scfifo:output_channel|a_fffifo:subfifo|lpm_ff:data_node[0][0]|dffs[7]  ;
; sdram_top:sdram1_top_inst|sdram_fifo_ctrl:u_sdram_fifo_ctrl|wrFIFO:u_wrfifo|dcfifo:dcfifo|dcfifo_rll1:auto_generated|scfifo:output_channel|a_fffifo:subfifo|lpm_ff:data_node[0][1]|dffs[6]  ; Merged with sdram_top:sdram1_top_inst|sdram_fifo_ctrl:u_sdram_fifo_ctrl|wrFIFO:u_wrfifo|dcfifo:dcfifo|dcfifo_rll1:auto_generated|scfifo:output_channel|a_fffifo:subfifo|lpm_ff:data_node[0][0]|dffs[6]  ;
; sdram_top:sdram1_top_inst|sdram_fifo_ctrl:u_sdram_fifo_ctrl|wrFIFO:u_wrfifo|dcfifo:dcfifo|dcfifo_rll1:auto_generated|scfifo:output_channel|a_fffifo:subfifo|lpm_ff:data_node[0][1]|dffs[5]  ; Merged with sdram_top:sdram1_top_inst|sdram_fifo_ctrl:u_sdram_fifo_ctrl|wrFIFO:u_wrfifo|dcfifo:dcfifo|dcfifo_rll1:auto_generated|scfifo:output_channel|a_fffifo:subfifo|lpm_ff:data_node[0][0]|dffs[5]  ;
; sdram_top:sdram1_top_inst|sdram_fifo_ctrl:u_sdram_fifo_ctrl|wrFIFO:u_wrfifo|dcfifo:dcfifo|dcfifo_rll1:auto_generated|scfifo:output_channel|a_fffifo:subfifo|lpm_ff:data_node[0][1]|dffs[4]  ; Merged with sdram_top:sdram1_top_inst|sdram_fifo_ctrl:u_sdram_fifo_ctrl|wrFIFO:u_wrfifo|dcfifo:dcfifo|dcfifo_rll1:auto_generated|scfifo:output_channel|a_fffifo:subfifo|lpm_ff:data_node[0][0]|dffs[4]  ;
; sdram_top:sdram1_top_inst|sdram_fifo_ctrl:u_sdram_fifo_ctrl|wrFIFO:u_wrfifo|dcfifo:dcfifo|dcfifo_rll1:auto_generated|scfifo:output_channel|a_fffifo:subfifo|lpm_ff:data_node[0][1]|dffs[3]  ; Merged with sdram_top:sdram1_top_inst|sdram_fifo_ctrl:u_sdram_fifo_ctrl|wrFIFO:u_wrfifo|dcfifo:dcfifo|dcfifo_rll1:auto_generated|scfifo:output_channel|a_fffifo:subfifo|lpm_ff:data_node[0][0]|dffs[3]  ;
; sdram_top:sdram1_top_inst|sdram_fifo_ctrl:u_sdram_fifo_ctrl|wrFIFO:u_wrfifo|dcfifo:dcfifo|dcfifo_rll1:auto_generated|scfifo:output_channel|a_fffifo:subfifo|lpm_ff:data_node[0][1]|dffs[2]  ; Merged with sdram_top:sdram1_top_inst|sdram_fifo_ctrl:u_sdram_fifo_ctrl|wrFIFO:u_wrfifo|dcfifo:dcfifo|dcfifo_rll1:auto_generated|scfifo:output_channel|a_fffifo:subfifo|lpm_ff:data_node[0][0]|dffs[2]  ;
; sdram_top:sdram1_top_inst|sdram_fifo_ctrl:u_sdram_fifo_ctrl|wrFIFO:u_wrfifo|dcfifo:dcfifo|dcfifo_rll1:auto_generated|scfifo:output_channel|a_fffifo:subfifo|lpm_ff:data_node[0][1]|dffs[1]  ; Merged with sdram_top:sdram1_top_inst|sdram_fifo_ctrl:u_sdram_fifo_ctrl|wrFIFO:u_wrfifo|dcfifo:dcfifo|dcfifo_rll1:auto_generated|scfifo:output_channel|a_fffifo:subfifo|lpm_ff:data_node[0][0]|dffs[1]  ;
; sdram_top:sdram1_top_inst|sdram_fifo_ctrl:u_sdram_fifo_ctrl|wrFIFO:u_wrfifo|dcfifo:dcfifo|dcfifo_rll1:auto_generated|scfifo:output_channel|a_fffifo:subfifo|lpm_ff:data_node[0][1]|dffs[0]  ; Merged with sdram_top:sdram1_top_inst|sdram_fifo_ctrl:u_sdram_fifo_ctrl|wrFIFO:u_wrfifo|dcfifo:dcfifo|dcfifo_rll1:auto_generated|scfifo:output_channel|a_fffifo:subfifo|lpm_ff:data_node[0][0]|dffs[0]  ;
; sil9134_dri:inst_sil9134_dri|i2c_sil9134_hdmi_cfg:inst_i2c_sil9134_hdmi_cfg|i2c_data[2,4,5]                                                                                                 ; Merged with sil9134_dri:inst_sil9134_dri|i2c_sil9134_hdmi_cfg:inst_i2c_sil9134_hdmi_cfg|i2c_data[0]                                                                                                     ;
; sil9134_dri:inst_sil9134_dri|i2c_sil9134_hdmi_cfg:inst_i2c_sil9134_hdmi_cfg|i2c_data[10,13]                                                                                                 ; Merged with sil9134_dri:inst_sil9134_dri|i2c_sil9134_hdmi_cfg:inst_i2c_sil9134_hdmi_cfg|i2c_data[19]                                                                                                    ;
; sil9134_dri:inst_sil9134_dri|i2c_dri:inst_i2c_sil9134_dri|data_wr_t[2,4,5]                                                                                                                  ; Merged with sil9134_dri:inst_sil9134_dri|i2c_dri:inst_i2c_sil9134_dri|data_wr_t[0]                                                                                                                      ;
; sil9134_dri:inst_sil9134_dri|i2c_dri:inst_i2c_sil9134_dri|addr_t[5]                                                                                                                         ; Merged with sil9134_dri:inst_sil9134_dri|i2c_dri:inst_i2c_sil9134_dri|addr_t[2]                                                                                                                         ;
; sdram_top:sdram1_top_inst|sdram_fifo_ctrl:u_sdram_fifo_ctrl|sdram_wr_addr[8]                                                                                                                ; Stuck at GND due to stuck port data_in                                                                                                                                                                  ;
; sdram_top:sdram1_top_inst|sdram_fifo_ctrl:u_sdram_fifo_ctrl|sdram_rd_addr[8]                                                                                                                ; Stuck at GND due to stuck port data_in                                                                                                                                                                  ;
; sdram_top:sdram1_top_inst|sdram_fifo_ctrl:u_sdram_fifo_ctrl|wrFIFO:u_wrfifo|dcfifo:dcfifo|dcfifo_rll1:auto_generated|dffe10a[0..8]                                                          ; Lost fanout                                                                                                                                                                                             ;
; sdram_top:sdram1_top_inst|sdram_fifo_ctrl:u_sdram_fifo_ctrl|wr_load_r1                                                                                                                      ; Stuck at GND due to stuck port data_in                                                                                                                                                                  ;
; sdram_top:sdram1_top_inst|sdram_fifo_ctrl:u_sdram_fifo_ctrl|wr_load_r2                                                                                                                      ; Stuck at GND due to stuck port data_in                                                                                                                                                                  ;
; ov5640_top:ov5640_top_inst|i2c_ctrl:i2c_ctrl_inst|state~4                                                                                                                                   ; Lost fanout                                                                                                                                                                                             ;
; ov5640_top:ov5640_top_inst|i2c_ctrl:i2c_ctrl_inst|state~5                                                                                                                                   ; Lost fanout                                                                                                                                                                                             ;
; ov5640_top:ov5640_top_inst|i2c_ctrl:i2c_ctrl_inst|state~6                                                                                                                                   ; Lost fanout                                                                                                                                                                                             ;
; ov5640_top:ov5640_top_inst|i2c_ctrl:i2c_ctrl_inst|state~7                                                                                                                                   ; Lost fanout                                                                                                                                                                                             ;
; sil9134_dri:inst_sil9134_dri|i2c_dri:inst_i2c_sil9134_dri|cur_state.st_addr_rd                                                                                                              ; Merged with sil9134_dri:inst_sil9134_dri|i2c_dri:inst_i2c_sil9134_dri|cur_state.st_addr16                                                                                                               ;
; sil9134_dri:inst_sil9134_dri|i2c_dri:inst_i2c_sil9134_dri|cur_state.st_addr16                                                                                                               ; Stuck at GND due to stuck port data_in                                                                                                                                                                  ;
; ov5640_top:ov5640_top_inst|i2c_ctrl:i2c_ctrl_inst|state.START_2                                                                                                                             ; Stuck at GND due to stuck port data_in                                                                                                                                                                  ;
; ov5640_top:ov5640_top_inst|i2c_ctrl:i2c_ctrl_inst|state.SEND_RD_ADDR                                                                                                                        ; Stuck at GND due to stuck port data_in                                                                                                                                                                  ;
; sil9134_dri:inst_sil9134_dri|i2c_dri:inst_i2c_sil9134_dri|cur_state.st_data_rd                                                                                                              ; Stuck at GND due to stuck port data_in                                                                                                                                                                  ;
; ov5640_top:ov5640_top_inst|i2c_ctrl:i2c_ctrl_inst|state.ACK_5                                                                                                                               ; Stuck at GND due to stuck port data_in                                                                                                                                                                  ;
; ov5640_top:ov5640_top_inst|i2c_ctrl:i2c_ctrl_inst|state.RD_DATA                                                                                                                             ; Stuck at GND due to stuck port data_in                                                                                                                                                                  ;
; ov5640_top:ov5640_top_inst|i2c_ctrl:i2c_ctrl_inst|state.N_ACK                                                                                                                               ; Stuck at GND due to stuck port data_in                                                                                                                                                                  ;
; ov5640_top:ov5640_top_inst|DVP_Capture:DVP_Capture|Hcount[1..12]                                                                                                                            ; Lost fanout                                                                                                                                                                                             ;
; Total Number of Removed Registers = 148                                                                                                                                                     ;                                                                                                                                                                                                         ;
+---------------------------------------------------------------------------------------------------------------------------------------------------------------------------------------------+---------------------------------------------------------------------------------------------------------------------------------------------------------------------------------------------------------+


+-----------------------------------------------------------------------------------------------------------------------------------------------------------------------------------------------+
; Removed Registers Triggering Further Register Optimizations                                                                                                                                   ;
+------------------------------------------------------------------------------------------+---------------------------+------------------------------------------------------------------------+
; Register name                                                                            ; Reason for Removal        ; Registers Removed due to This Register                                 ;
+------------------------------------------------------------------------------------------+---------------------------+------------------------------------------------------------------------+
; ov5640_top:ov5640_top_inst|i2c_ctrl:i2c_ctrl_inst|state.START_2                          ; Stuck at GND              ; ov5640_top:ov5640_top_inst|i2c_ctrl:i2c_ctrl_inst|state.SEND_RD_ADDR,  ;
;                                                                                          ; due to stuck port data_in ; ov5640_top:ov5640_top_inst|i2c_ctrl:i2c_ctrl_inst|state.ACK_5,         ;
;                                                                                          ;                           ; ov5640_top:ov5640_top_inst|i2c_ctrl:i2c_ctrl_inst|state.RD_DATA,       ;
;                                                                                          ;                           ; ov5640_top:ov5640_top_inst|i2c_ctrl:i2c_ctrl_inst|state.N_ACK          ;
; sil9134_dri:inst_sil9134_dri|i2c_sil9134_hdmi_cfg:inst_i2c_sil9134_hdmi_cfg|i2c_rh_wl    ; Stuck at GND              ; sil9134_dri:inst_sil9134_dri|i2c_dri:inst_i2c_sil9134_dri|wr_flag      ;
;                                                                                          ; due to stuck port data_in ;                                                                        ;
; sil9134_dri:inst_sil9134_dri|i2c_sil9134_hdmi_cfg:inst_i2c_sil9134_hdmi_cfg|i2c_data[15] ; Stuck at GND              ; sil9134_dri:inst_sil9134_dri|i2c_dri:inst_i2c_sil9134_dri|addr_t[7]    ;
;                                                                                          ; due to stuck port data_in ;                                                                        ;
; sil9134_dri:inst_sil9134_dri|i2c_sil9134_hdmi_cfg:inst_i2c_sil9134_hdmi_cfg|i2c_data[12] ; Stuck at GND              ; sil9134_dri:inst_sil9134_dri|i2c_dri:inst_i2c_sil9134_dri|addr_t[4]    ;
;                                                                                          ; due to stuck port data_in ;                                                                        ;
; sil9134_dri:inst_sil9134_dri|i2c_sil9134_hdmi_cfg:inst_i2c_sil9134_hdmi_cfg|i2c_data[7]  ; Stuck at GND              ; sil9134_dri:inst_sil9134_dri|i2c_dri:inst_i2c_sil9134_dri|data_wr_t[7] ;
;                                                                                          ; due to stuck port data_in ;                                                                        ;
; sil9134_dri:inst_sil9134_dri|i2c_sil9134_hdmi_cfg:inst_i2c_sil9134_hdmi_cfg|i2c_data[6]  ; Stuck at GND              ; sil9134_dri:inst_sil9134_dri|i2c_dri:inst_i2c_sil9134_dri|data_wr_t[6] ;
;                                                                                          ; due to stuck port data_in ;                                                                        ;
; sil9134_dri:inst_sil9134_dri|i2c_sil9134_hdmi_cfg:inst_i2c_sil9134_hdmi_cfg|i2c_data[3]  ; Stuck at GND              ; sil9134_dri:inst_sil9134_dri|i2c_dri:inst_i2c_sil9134_dri|data_wr_t[3] ;
;                                                                                          ; due to stuck port data_in ;                                                                        ;
; sil9134_dri:inst_sil9134_dri|i2c_sil9134_hdmi_cfg:inst_i2c_sil9134_hdmi_cfg|i2c_data[1]  ; Stuck at GND              ; sil9134_dri:inst_sil9134_dri|i2c_dri:inst_i2c_sil9134_dri|data_wr_t[1] ;
;                                                                                          ; due to stuck port data_in ;                                                                        ;
; sdram_top:sdram1_top_inst|sdram_fifo_ctrl:u_sdram_fifo_ctrl|wr_load_r1                   ; Stuck at GND              ; sdram_top:sdram1_top_inst|sdram_fifo_ctrl:u_sdram_fifo_ctrl|wr_load_r2 ;
;                                                                                          ; due to stuck port data_in ;                                                                        ;
+------------------------------------------------------------------------------------------+---------------------------+------------------------------------------------------------------------+


+------------------------------------------------------+
; General Register Statistics                          ;
+----------------------------------------------+-------+
; Statistic                                    ; Value ;
+----------------------------------------------+-------+
; Total registers                              ; 779   ;
; Number of registers using Synchronous Clear  ; 51    ;
; Number of registers using Synchronous Load   ; 32    ;
; Number of registers using Asynchronous Clear ; 768   ;
; Number of registers using Asynchronous Load  ; 0     ;
; Number of registers using Clock Enable       ; 401   ;
; Number of registers using Preset             ; 0     ;
+----------------------------------------------+-------+


+----------------------------------------------------------------------------------------------------------------------------------------------------------------------------------------+
; Inverted Register Statistics                                                                                                                                                           ;
+------------------------------------------------------------------------------------------------------------------------------------------------------------------------------+---------+
; Inverted Register                                                                                                                                                            ; Fan out ;
+------------------------------------------------------------------------------------------------------------------------------------------------------------------------------+---------+
; sdram_top:sdram1_top_inst|sdram_controller:u_sdram_controller|sdram_cmd:u_sdram_cmd|sdram_cmd_r[3]                                                                           ; 1       ;
; sdram_top:sdram1_top_inst|sdram_controller:u_sdram_controller|sdram_cmd:u_sdram_cmd|sdram_cmd_r[2]                                                                           ; 1       ;
; sdram_top:sdram1_top_inst|sdram_controller:u_sdram_controller|sdram_cmd:u_sdram_cmd|sdram_cmd_r[1]                                                                           ; 1       ;
; sdram_top:sdram1_top_inst|sdram_controller:u_sdram_controller|sdram_cmd:u_sdram_cmd|sdram_cmd_r[0]                                                                           ; 1       ;
; sdram_top:sdram1_top_inst|sdram_controller:u_sdram_controller|sdram_cmd:u_sdram_cmd|sdram_ba[0]                                                                              ; 1       ;
; sdram_top:sdram1_top_inst|sdram_controller:u_sdram_controller|sdram_cmd:u_sdram_cmd|sdram_ba[1]                                                                              ; 1       ;
; sdram_top:sdram1_top_inst|sdram_controller:u_sdram_controller|sdram_cmd:u_sdram_cmd|sdram_addr[0]                                                                            ; 1       ;
; sdram_top:sdram1_top_inst|sdram_controller:u_sdram_controller|sdram_cmd:u_sdram_cmd|sdram_addr[1]                                                                            ; 1       ;
; sdram_top:sdram1_top_inst|sdram_controller:u_sdram_controller|sdram_cmd:u_sdram_cmd|sdram_addr[2]                                                                            ; 1       ;
; sdram_top:sdram1_top_inst|sdram_controller:u_sdram_controller|sdram_cmd:u_sdram_cmd|sdram_addr[3]                                                                            ; 1       ;
; sdram_top:sdram1_top_inst|sdram_controller:u_sdram_controller|sdram_cmd:u_sdram_cmd|sdram_addr[4]                                                                            ; 1       ;
; sdram_top:sdram1_top_inst|sdram_controller:u_sdram_controller|sdram_cmd:u_sdram_cmd|sdram_addr[5]                                                                            ; 1       ;
; sdram_top:sdram1_top_inst|sdram_controller:u_sdram_controller|sdram_cmd:u_sdram_cmd|sdram_addr[6]                                                                            ; 1       ;
; sdram_top:sdram1_top_inst|sdram_controller:u_sdram_controller|sdram_cmd:u_sdram_cmd|sdram_addr[7]                                                                            ; 1       ;
; sdram_top:sdram1_top_inst|sdram_controller:u_sdram_controller|sdram_cmd:u_sdram_cmd|sdram_addr[8]                                                                            ; 1       ;
; sdram_top:sdram1_top_inst|sdram_controller:u_sdram_controller|sdram_cmd:u_sdram_cmd|sdram_addr[9]                                                                            ; 1       ;
; sdram_top:sdram1_top_inst|sdram_controller:u_sdram_controller|sdram_cmd:u_sdram_cmd|sdram_addr[10]                                                                           ; 1       ;
; sdram_top:sdram1_top_inst|sdram_controller:u_sdram_controller|sdram_cmd:u_sdram_cmd|sdram_addr[11]                                                                           ; 1       ;
; sdram_top:sdram1_top_inst|sdram_controller:u_sdram_controller|sdram_cmd:u_sdram_cmd|sdram_addr[12]                                                                           ; 1       ;
; sil9134_dri:inst_sil9134_dri|i2c_dri:inst_i2c_sil9134_dri|scl                                                                                                                ; 4       ;
; ov5640_top:ov5640_top_inst|i2c_ctrl:i2c_ctrl_inst|i2c_clk                                                                                                                    ; 44      ;
; sil9134_dri:inst_sil9134_dri|i2c_dri:inst_i2c_sil9134_dri|sda_out                                                                                                            ; 8       ;
; sil9134_dri:inst_sil9134_dri|i2c_dri:inst_i2c_sil9134_dri|sda_dir                                                                                                            ; 2       ;
; sdram_top:sdram1_top_inst|sdram_fifo_ctrl:u_sdram_fifo_ctrl|rdFIFO:u_rdfifo|dcfifo:dcfifo|dcfifo_eml1:auto_generated|a_graycounter_u26:wrptr_g|sub_parity12a0                ; 1       ;
; sdram_top:sdram1_top_inst|sdram_fifo_ctrl:u_sdram_fifo_ctrl|rdFIFO:u_rdfifo|dcfifo:dcfifo|dcfifo_eml1:auto_generated|a_graycounter_u26:rdptr_g|sub_parity12a0                ; 1       ;
; sdram_top:sdram1_top_inst|sdram_fifo_ctrl:u_sdram_fifo_ctrl|wrFIFO:u_wrfifo|dcfifo:dcfifo|dcfifo_rll1:auto_generated|a_graycounter_u26:wrptr_g|sub_parity12a0                ; 1       ;
; sdram_top:sdram1_top_inst|sdram_fifo_ctrl:u_sdram_fifo_ctrl|wrFIFO:u_wrfifo|dcfifo:dcfifo|dcfifo_rll1:auto_generated|a_graycounter_u26:rdptr_g|sub_parity12a0                ; 1       ;
; sdram_top:sdram1_top_inst|sdram_fifo_ctrl:u_sdram_fifo_ctrl|rdFIFO:u_rdfifo|dcfifo:dcfifo|dcfifo_eml1:auto_generated|a_graycounter_036:read_counter_for_write|sub_parity12a0 ; 1       ;
; sdram_top:sdram1_top_inst|sdram_fifo_ctrl:u_sdram_fifo_ctrl|wrFIFO:u_wrfifo|dcfifo:dcfifo|dcfifo_rll1:auto_generated|a_graycounter_v26:read_counter_for_write|sub_parity15a0 ; 1       ;
; Total number of inverted registers = 29                                                                                                                                      ;         ;
+------------------------------------------------------------------------------------------------------------------------------------------------------------------------------+---------+


+--------------------------------------------------------------------------------------------------------------------------------------------------------------------------------------------------------------------------------------------------------------------------------------------------------------------------+
; Multiplexer Restructuring Statistics (Restructuring Performed)                                                                                                                                                                                                                                                           ;
+--------------------+-----------+---------------+----------------------+------------------------+------------+------------------------------------------------------------------------------------------------------------------------------------------------------------------------------------------------------------+
; Multiplexer Inputs ; Bus Width ; Baseline Area ; Area if Restructured ; Saving if Restructured ; Registered ; Example Multiplexer Output                                                                                                                                                                                 ;
+--------------------+-----------+---------------+----------------------+------------------------+------------+------------------------------------------------------------------------------------------------------------------------------------------------------------------------------------------------------------+
; 3:1                ; 16 bits   ; 32 LEs        ; 32 LEs               ; 0 LEs                  ; Yes        ; |ov5640_hdmi_top|sdram_top:sdram1_top_inst|sdram_fifo_ctrl:u_sdram_fifo_ctrl|rdFIFO:u_rdfifo|dcfifo:dcfifo|dcfifo_eml1:auto_generated|scfifo:output_channel|a_fffifo:subfifo|lpm_ff:output_buffer|dffs[15] ;
; 3:1                ; 16 bits   ; 32 LEs        ; 32 LEs               ; 0 LEs                  ; Yes        ; |ov5640_hdmi_top|sdram_top:sdram1_top_inst|sdram_fifo_ctrl:u_sdram_fifo_ctrl|wrFIFO:u_wrfifo|dcfifo:dcfifo|dcfifo_rll1:auto_generated|scfifo:output_channel|a_fffifo:subfifo|lpm_ff:output_buffer|dffs[13] ;
; 3:1                ; 4 bits    ; 8 LEs         ; 4 LEs                ; 4 LEs                  ; Yes        ; |ov5640_hdmi_top|sdram_top:sdram1_top_inst|sdram_controller:u_sdram_controller|sdram_ctrl:u_sdram_ctrl|init_ar_cnt[3]                                                                                      ;
; 4:1                ; 3 bits    ; 6 LEs         ; 3 LEs                ; 3 LEs                  ; Yes        ; |ov5640_hdmi_top|ov5640_top:ov5640_top_inst|i2c_ctrl:i2c_ctrl_inst|cnt_bit[0]                                                                                                                              ;
; 4:1                ; 14 bits   ; 28 LEs        ; 14 LEs               ; 14 LEs                 ; Yes        ; |ov5640_hdmi_top|sdram_top:sdram1_top_inst|sdram_fifo_ctrl:u_sdram_fifo_ctrl|sdram_rd_addr[13]                                                                                                             ;
; 9:1                ; 2 bits    ; 12 LEs        ; 10 LEs               ; 2 LEs                  ; Yes        ; |ov5640_hdmi_top|sdram_top:sdram1_top_inst|sdram_controller:u_sdram_controller|sdram_ctrl:u_sdram_ctrl|init_state[2]                                                                                       ;
; 5:1                ; 14 bits   ; 42 LEs        ; 14 LEs               ; 28 LEs                 ; Yes        ; |ov5640_hdmi_top|sdram_top:sdram1_top_inst|sdram_fifo_ctrl:u_sdram_fifo_ctrl|sdram_wr_addr[21]                                                                                                             ;
; 7:1                ; 7 bits    ; 28 LEs        ; 7 LEs                ; 21 LEs                 ; Yes        ; |ov5640_hdmi_top|sil9134_dri:inst_sil9134_dri|i2c_dri:inst_i2c_sil9134_dri|cnt[0]                                                                                                                          ;
; 8:1                ; 2 bits    ; 10 LEs        ; 6 LEs                ; 4 LEs                  ; Yes        ; |ov5640_hdmi_top|sdram_top:sdram1_top_inst|sdram_controller:u_sdram_controller|sdram_cmd:u_sdram_cmd|sdram_cmd_r[1]                                                                                        ;
; 20:1               ; 5 bits    ; 65 LEs        ; 40 LEs               ; 25 LEs                 ; Yes        ; |ov5640_hdmi_top|sdram_top:sdram1_top_inst|sdram_controller:u_sdram_controller|sdram_cmd:u_sdram_cmd|sdram_addr[0]                                                                                         ;
; 23:1               ; 2 bits    ; 30 LEs        ; 8 LEs                ; 22 LEs                 ; Yes        ; |ov5640_hdmi_top|sdram_top:sdram1_top_inst|sdram_controller:u_sdram_controller|sdram_cmd:u_sdram_cmd|sdram_ba[1]                                                                                           ;
; 26:1               ; 8 bits    ; 136 LEs       ; 80 LEs               ; 56 LEs                 ; Yes        ; |ov5640_hdmi_top|sdram_top:sdram1_top_inst|sdram_controller:u_sdram_controller|sdram_cmd:u_sdram_cmd|sdram_addr[6]                                                                                         ;
+--------------------+-----------+---------------+----------------------+------------------------+------------+------------------------------------------------------------------------------------------------------------------------------------------------------------------------------------------------------------+


+------------------------------------------------------------------------------------------------------------------+
; Source assignments for sdram_top:sdram1_top_inst|sdram_fifo_ctrl:u_sdram_fifo_ctrl|wrFIFO:u_wrfifo|dcfifo:dcfifo ;
+---------------------------------+-------+------+-----------------------------------------------------------------+
; Assignment                      ; Value ; From ; To                                                              ;
+---------------------------------+-------+------+-----------------------------------------------------------------+
; AUTO_SHIFT_REGISTER_RECOGNITION ; OFF   ; -    ; -                                                               ;
+---------------------------------+-------+------+-----------------------------------------------------------------+


+---------------------------------------------------------------------------------------------------------------------------------------------+
; Source assignments for sdram_top:sdram1_top_inst|sdram_fifo_ctrl:u_sdram_fifo_ctrl|wrFIFO:u_wrfifo|dcfifo:dcfifo|dcfifo_rll1:auto_generated ;
+---------------------------------+-------+------+--------------------------------------------------------------------------------------------+
; Assignment                      ; Value ; From ; To                                                                                         ;
+---------------------------------+-------+------+--------------------------------------------------------------------------------------------+
; AUTO_SHIFT_REGISTER_RECOGNITION ; OFF   ; -    ; -                                                                                          ;
+---------------------------------+-------+------+--------------------------------------------------------------------------------------------+


+-----------------------------------------------------------------------------------------------------------------------------------------------------------------------+
; Source assignments for sdram_top:sdram1_top_inst|sdram_fifo_ctrl:u_sdram_fifo_ctrl|wrFIFO:u_wrfifo|dcfifo:dcfifo|dcfifo_rll1:auto_generated|a_graycounter_u26:rdptr_g ;
+----------------+-------+------+---------------------------------------------------------------------------------------------------------------------------------------+
; Assignment     ; Value ; From ; To                                                                                                                                    ;
+----------------+-------+------+---------------------------------------------------------------------------------------------------------------------------------------+
; POWER_UP_LEVEL ; HIGH  ; -    ; sub_parity12a0                                                                                                                        ;
; POWER_UP_LEVEL ; LOW   ; -    ; parity11                                                                                                                              ;
+----------------+-------+------+---------------------------------------------------------------------------------------------------------------------------------------+


+--------------------------------------------------------------------------------------------------------------------------------------------------------------------------------------+
; Source assignments for sdram_top:sdram1_top_inst|sdram_fifo_ctrl:u_sdram_fifo_ctrl|wrFIFO:u_wrfifo|dcfifo:dcfifo|dcfifo_rll1:auto_generated|a_graycounter_v26:read_counter_for_write ;
+----------------+-------+------+------------------------------------------------------------------------------------------------------------------------------------------------------+
; Assignment     ; Value ; From ; To                                                                                                                                                   ;
+----------------+-------+------+------------------------------------------------------------------------------------------------------------------------------------------------------+
; POWER_UP_LEVEL ; HIGH  ; -    ; sub_parity15a0                                                                                                                                       ;
; POWER_UP_LEVEL ; LOW   ; -    ; parity14                                                                                                                                             ;
+----------------+-------+------+------------------------------------------------------------------------------------------------------------------------------------------------------+


+-----------------------------------------------------------------------------------------------------------------------------------------------------------------------+
; Source assignments for sdram_top:sdram1_top_inst|sdram_fifo_ctrl:u_sdram_fifo_ctrl|wrFIFO:u_wrfifo|dcfifo:dcfifo|dcfifo_rll1:auto_generated|a_graycounter_u26:wrptr_g ;
+----------------+-------+------+---------------------------------------------------------------------------------------------------------------------------------------+
; Assignment     ; Value ; From ; To                                                                                                                                    ;
+----------------+-------+------+---------------------------------------------------------------------------------------------------------------------------------------+
; POWER_UP_LEVEL ; HIGH  ; -    ; sub_parity12a0                                                                                                                        ;
; POWER_UP_LEVEL ; LOW   ; -    ; parity11                                                                                                                              ;
+----------------+-------+------+---------------------------------------------------------------------------------------------------------------------------------------+


+----------------------------------------------------------------------------------------------------------------------------------------------------------------------+
; Source assignments for sdram_top:sdram1_top_inst|sdram_fifo_ctrl:u_sdram_fifo_ctrl|wrFIFO:u_wrfifo|dcfifo:dcfifo|dcfifo_rll1:auto_generated|altsyncram_u861:fifo_ram ;
+---------------------------------+--------------------+------+--------------------------------------------------------------------------------------------------------+
; Assignment                      ; Value              ; From ; To                                                                                                     ;
+---------------------------------+--------------------+------+--------------------------------------------------------------------------------------------------------+
; OPTIMIZE_POWER_DURING_SYNTHESIS ; NORMAL_COMPILATION ; -    ; -                                                                                                      ;
+---------------------------------+--------------------+------+--------------------------------------------------------------------------------------------------------+


+------------------------------------------------------------------------------------------------------------------------------------------------------------------------------------+
; Source assignments for sdram_top:sdram1_top_inst|sdram_fifo_ctrl:u_sdram_fifo_ctrl|wrFIFO:u_wrfifo|dcfifo:dcfifo|dcfifo_rll1:auto_generated|alt_synch_pipe_1e8:read_sync_registers ;
+-----------------------+-------+------+---------------------------------------------------------------------------------------------------------------------------------------------+
; Assignment            ; Value ; From ; To                                                                                                                                          ;
+-----------------------+-------+------+---------------------------------------------------------------------------------------------------------------------------------------------+
; X_ON_VIOLATION_OPTION ; OFF   ; -    ; -                                                                                                                                           ;
+-----------------------+-------+------+---------------------------------------------------------------------------------------------------------------------------------------------+


+----------------------------------------------------------------------------------------------------------------------------------------------------------------------------------------------------------+
; Source assignments for sdram_top:sdram1_top_inst|sdram_fifo_ctrl:u_sdram_fifo_ctrl|wrFIFO:u_wrfifo|dcfifo:dcfifo|dcfifo_rll1:auto_generated|alt_synch_pipe_1e8:read_sync_registers|dffpipe_re9:dffpipe18 ;
+---------------------------------+-------+------+---------------------------------------------------------------------------------------------------------------------------------------------------------+
; Assignment                      ; Value ; From ; To                                                                                                                                                      ;
+---------------------------------+-------+------+---------------------------------------------------------------------------------------------------------------------------------------------------------+
; AUTO_SHIFT_REGISTER_RECOGNITION ; OFF   ; -    ; -                                                                                                                                                       ;
+---------------------------------+-------+------+---------------------------------------------------------------------------------------------------------------------------------------------------------+


+-------------------------------------------------------------------------------------------------------------------------------------------------------------------------------------+
; Source assignments for sdram_top:sdram1_top_inst|sdram_fifo_ctrl:u_sdram_fifo_ctrl|wrFIFO:u_wrfifo|dcfifo:dcfifo|dcfifo_rll1:auto_generated|alt_synch_pipe_2e8:write_sync_registers ;
+-----------------------+-------+------+----------------------------------------------------------------------------------------------------------------------------------------------+
; Assignment            ; Value ; From ; To                                                                                                                                           ;
+-----------------------+-------+------+----------------------------------------------------------------------------------------------------------------------------------------------+
; X_ON_VIOLATION_OPTION ; OFF   ; -    ; -                                                                                                                                            ;
+-----------------------+-------+------+----------------------------------------------------------------------------------------------------------------------------------------------+


+-----------------------------------------------------------------------------------------------------------------------------------------------------------------------------------------------------------+
; Source assignments for sdram_top:sdram1_top_inst|sdram_fifo_ctrl:u_sdram_fifo_ctrl|wrFIFO:u_wrfifo|dcfifo:dcfifo|dcfifo_rll1:auto_generated|alt_synch_pipe_2e8:write_sync_registers|dffpipe_se9:dffpipe22 ;
+---------------------------------+-------+------+----------------------------------------------------------------------------------------------------------------------------------------------------------+
; Assignment                      ; Value ; From ; To                                                                                                                                                       ;
+---------------------------------+-------+------+----------------------------------------------------------------------------------------------------------------------------------------------------------+
; AUTO_SHIFT_REGISTER_RECOGNITION ; OFF   ; -    ; -                                                                                                                                                        ;
+---------------------------------+-------+------+----------------------------------------------------------------------------------------------------------------------------------------------------------+


+------------------------------------------------------------------------------------------------------------------+
; Source assignments for sdram_top:sdram1_top_inst|sdram_fifo_ctrl:u_sdram_fifo_ctrl|rdFIFO:u_rdfifo|dcfifo:dcfifo ;
+---------------------------------+-------+------+-----------------------------------------------------------------+
; Assignment                      ; Value ; From ; To                                                              ;
+---------------------------------+-------+------+-----------------------------------------------------------------+
; AUTO_SHIFT_REGISTER_RECOGNITION ; OFF   ; -    ; -                                                               ;
+---------------------------------+-------+------+-----------------------------------------------------------------+


+---------------------------------------------------------------------------------------------------------------------------------------------+
; Source assignments for sdram_top:sdram1_top_inst|sdram_fifo_ctrl:u_sdram_fifo_ctrl|rdFIFO:u_rdfifo|dcfifo:dcfifo|dcfifo_eml1:auto_generated ;
+---------------------------------+-------+------+--------------------------------------------------------------------------------------------+
; Assignment                      ; Value ; From ; To                                                                                         ;
+---------------------------------+-------+------+--------------------------------------------------------------------------------------------+
; AUTO_SHIFT_REGISTER_RECOGNITION ; OFF   ; -    ; -                                                                                          ;
+---------------------------------+-------+------+--------------------------------------------------------------------------------------------+


+-----------------------------------------------------------------------------------------------------------------------------------------------------------------------+
; Source assignments for sdram_top:sdram1_top_inst|sdram_fifo_ctrl:u_sdram_fifo_ctrl|rdFIFO:u_rdfifo|dcfifo:dcfifo|dcfifo_eml1:auto_generated|a_graycounter_u26:rdptr_g ;
+----------------+-------+------+---------------------------------------------------------------------------------------------------------------------------------------+
; Assignment     ; Value ; From ; To                                                                                                                                    ;
+----------------+-------+------+---------------------------------------------------------------------------------------------------------------------------------------+
; POWER_UP_LEVEL ; HIGH  ; -    ; sub_parity12a0                                                                                                                        ;
; POWER_UP_LEVEL ; LOW   ; -    ; parity11                                                                                                                              ;
+----------------+-------+------+---------------------------------------------------------------------------------------------------------------------------------------+


+--------------------------------------------------------------------------------------------------------------------------------------------------------------------------------------+
; Source assignments for sdram_top:sdram1_top_inst|sdram_fifo_ctrl:u_sdram_fifo_ctrl|rdFIFO:u_rdfifo|dcfifo:dcfifo|dcfifo_eml1:auto_generated|a_graycounter_036:read_counter_for_write ;
+----------------+-------+------+------------------------------------------------------------------------------------------------------------------------------------------------------+
; Assignment     ; Value ; From ; To                                                                                                                                                   ;
+----------------+-------+------+------------------------------------------------------------------------------------------------------------------------------------------------------+
; POWER_UP_LEVEL ; HIGH  ; -    ; sub_parity12a0                                                                                                                                       ;
; POWER_UP_LEVEL ; LOW   ; -    ; parity11                                                                                                                                             ;
+----------------+-------+------+------------------------------------------------------------------------------------------------------------------------------------------------------+


+-----------------------------------------------------------------------------------------------------------------------------------------------------------------------+
; Source assignments for sdram_top:sdram1_top_inst|sdram_fifo_ctrl:u_sdram_fifo_ctrl|rdFIFO:u_rdfifo|dcfifo:dcfifo|dcfifo_eml1:auto_generated|a_graycounter_u26:wrptr_g ;
+----------------+-------+------+---------------------------------------------------------------------------------------------------------------------------------------+
; Assignment     ; Value ; From ; To                                                                                                                                    ;
+----------------+-------+------+---------------------------------------------------------------------------------------------------------------------------------------+
; POWER_UP_LEVEL ; HIGH  ; -    ; sub_parity12a0                                                                                                                        ;
; POWER_UP_LEVEL ; LOW   ; -    ; parity11                                                                                                                              ;
+----------------+-------+------+---------------------------------------------------------------------------------------------------------------------------------------+


+----------------------------------------------------------------------------------------------------------------------------------------------------------------------+
; Source assignments for sdram_top:sdram1_top_inst|sdram_fifo_ctrl:u_sdram_fifo_ctrl|rdFIFO:u_rdfifo|dcfifo:dcfifo|dcfifo_eml1:auto_generated|altsyncram_u861:fifo_ram ;
+---------------------------------+--------------------+------+--------------------------------------------------------------------------------------------------------+
; Assignment                      ; Value              ; From ; To                                                                                                     ;
+---------------------------------+--------------------+------+--------------------------------------------------------------------------------------------------------+
; OPTIMIZE_POWER_DURING_SYNTHESIS ; NORMAL_COMPILATION ; -    ; -                                                                                                      ;
+---------------------------------+--------------------+------+--------------------------------------------------------------------------------------------------------+


+------------------------------------------------------------------------------------------------------------------------------------------------------------------------------------+
; Source assignments for sdram_top:sdram1_top_inst|sdram_fifo_ctrl:u_sdram_fifo_ctrl|rdFIFO:u_rdfifo|dcfifo:dcfifo|dcfifo_eml1:auto_generated|alt_synch_pipe_3e8:read_sync_registers ;
+-----------------------+-------+------+---------------------------------------------------------------------------------------------------------------------------------------------+
; Assignment            ; Value ; From ; To                                                                                                                                          ;
+-----------------------+-------+------+---------------------------------------------------------------------------------------------------------------------------------------------+
; X_ON_VIOLATION_OPTION ; OFF   ; -    ; -                                                                                                                                           ;
+-----------------------+-------+------+---------------------------------------------------------------------------------------------------------------------------------------------+


+----------------------------------------------------------------------------------------------------------------------------------------------------------------------------------------------------------+
; Source assignments for sdram_top:sdram1_top_inst|sdram_fifo_ctrl:u_sdram_fifo_ctrl|rdFIFO:u_rdfifo|dcfifo:dcfifo|dcfifo_eml1:auto_generated|alt_synch_pipe_3e8:read_sync_registers|dffpipe_te9:dffpipe14 ;
+---------------------------------+-------+------+---------------------------------------------------------------------------------------------------------------------------------------------------------+
; Assignment                      ; Value ; From ; To                                                                                                                                                      ;
+---------------------------------+-------+------+---------------------------------------------------------------------------------------------------------------------------------------------------------+
; AUTO_SHIFT_REGISTER_RECOGNITION ; OFF   ; -    ; -                                                                                                                                                       ;
+---------------------------------+-------+------+---------------------------------------------------------------------------------------------------------------------------------------------------------+


+-------------------------------------------------------------------------------------------------------------------------------------------------------------------------------------+
; Source assignments for sdram_top:sdram1_top_inst|sdram_fifo_ctrl:u_sdram_fifo_ctrl|rdFIFO:u_rdfifo|dcfifo:dcfifo|dcfifo_eml1:auto_generated|alt_synch_pipe_4e8:write_sync_registers ;
+-----------------------+-------+------+----------------------------------------------------------------------------------------------------------------------------------------------+
; Assignment            ; Value ; From ; To                                                                                                                                           ;
+-----------------------+-------+------+----------------------------------------------------------------------------------------------------------------------------------------------+
; X_ON_VIOLATION_OPTION ; OFF   ; -    ; -                                                                                                                                            ;
+-----------------------+-------+------+----------------------------------------------------------------------------------------------------------------------------------------------+


+-----------------------------------------------------------------------------------------------------------------------------------------------------------------------------------------------------------+
; Source assignments for sdram_top:sdram1_top_inst|sdram_fifo_ctrl:u_sdram_fifo_ctrl|rdFIFO:u_rdfifo|dcfifo:dcfifo|dcfifo_eml1:auto_generated|alt_synch_pipe_4e8:write_sync_registers|dffpipe_ue9:dffpipe18 ;
+---------------------------------+-------+------+----------------------------------------------------------------------------------------------------------------------------------------------------------+
; Assignment                      ; Value ; From ; To                                                                                                                                                       ;
+---------------------------------+-------+------+----------------------------------------------------------------------------------------------------------------------------------------------------------+
; AUTO_SHIFT_REGISTER_RECOGNITION ; OFF   ; -    ; -                                                                                                                                                        ;
+---------------------------------+-------+------+----------------------------------------------------------------------------------------------------------------------------------------------------------+


+---------------------------------------------------------------------------------+
; Parameter Settings for User Entity Instance: Top-level Entity: |ov5640_hdmi_top ;
+----------------+--------------------------+-------------------------------------+
; Parameter Name ; Value                    ; Type                                ;
+----------------+--------------------------+-------------------------------------+
; H_PIXEL        ; 000000000000001010000000 ; Unsigned Binary                     ;
; V_PIXEL        ; 000000000000000111100000 ; Unsigned Binary                     ;
; H_SIZE         ; 640                      ; Signed Integer                      ;
; V_SIZE         ; 480                      ; Signed Integer                      ;
+----------------+--------------------------+-------------------------------------+
Note: In order to hide this table in the UI and the text report file, please set the "Show Parameter Settings in Synthesis Report" option in "Analysis and Synthesis Settings -> More Settings" to "Off".


+---------------------------------------------------------------------------------------------+
; Parameter Settings for User Entity Instance: clk_pll_1:clk_gen_inst|altpll:altpll_component ;
+-------------------------------+-------------------+-----------------------------------------+
; Parameter Name                ; Value             ; Type                                    ;
+-------------------------------+-------------------+-----------------------------------------+
; OPERATION_MODE                ; NO_COMPENSATION   ; Untyped                                 ;
; PLL_TYPE                      ; Enhanced          ; Untyped                                 ;
; LPM_HINT                      ; UNUSED            ; Untyped                                 ;
; QUALIFY_CONF_DONE             ; OFF               ; Untyped                                 ;
; COMPENSATE_CLOCK              ; CLK0              ; Untyped                                 ;
; SCAN_CHAIN                    ; LONG              ; Untyped                                 ;
; PRIMARY_CLOCK                 ; INCLK0            ; Untyped                                 ;
; INCLK0_INPUT_FREQUENCY        ; 20000             ; Signed Integer                          ;
; INCLK1_INPUT_FREQUENCY        ; 0                 ; Untyped                                 ;
; GATE_LOCK_SIGNAL              ; NO                ; Untyped                                 ;
; GATE_LOCK_COUNTER             ; 0                 ; Untyped                                 ;
; LOCK_HIGH                     ; 1                 ; Untyped                                 ;
; LOCK_LOW                      ; 1                 ; Untyped                                 ;
; VALID_LOCK_MULTIPLIER         ; 1                 ; Signed Integer                          ;
; INVALID_LOCK_MULTIPLIER       ; 5                 ; Signed Integer                          ;
; SWITCH_OVER_ON_LOSSCLK        ; OFF               ; Untyped                                 ;
; SWITCH_OVER_ON_GATED_LOCK     ; OFF               ; Untyped                                 ;
; ENABLE_SWITCH_OVER_COUNTER    ; OFF               ; Untyped                                 ;
; SKIP_VCO                      ; OFF               ; Untyped                                 ;
; SWITCH_OVER_COUNTER           ; 0                 ; Untyped                                 ;
; SWITCH_OVER_TYPE              ; AUTO              ; Untyped                                 ;
; FEEDBACK_SOURCE               ; EXTCLK0           ; Untyped                                 ;
; BANDWIDTH                     ; 0                 ; Untyped                                 ;
; BANDWIDTH_TYPE                ; AUTO              ; Untyped                                 ;
; SPREAD_FREQUENCY              ; 0                 ; Untyped                                 ;
; DOWN_SPREAD                   ; 0                 ; Untyped                                 ;
; SELF_RESET_ON_GATED_LOSS_LOCK ; OFF               ; Untyped                                 ;
; SELF_RESET_ON_LOSS_LOCK       ; OFF               ; Untyped                                 ;
; CLK9_MULTIPLY_BY              ; 0                 ; Untyped                                 ;
; CLK8_MULTIPLY_BY              ; 0                 ; Untyped                                 ;
; CLK7_MULTIPLY_BY              ; 0                 ; Untyped                                 ;
; CLK6_MULTIPLY_BY              ; 0                 ; Untyped                                 ;
; CLK5_MULTIPLY_BY              ; 28                ; Signed Integer                          ;
; CLK4_MULTIPLY_BY              ; 1                 ; Untyped                                 ;
; CLK3_MULTIPLY_BY              ; 28                ; Signed Integer                          ;
; CLK2_MULTIPLY_BY              ; 28                ; Signed Integer                          ;
; CLK1_MULTIPLY_BY              ; 28                ; Signed Integer                          ;
; CLK0_MULTIPLY_BY              ; 28                ; Signed Integer                          ;
; CLK9_DIVIDE_BY                ; 0                 ; Untyped                                 ;
; CLK8_DIVIDE_BY                ; 0                 ; Untyped                                 ;
; CLK7_DIVIDE_BY                ; 0                 ; Untyped                                 ;
; CLK6_DIVIDE_BY                ; 0                 ; Untyped                                 ;
; CLK5_DIVIDE_BY                ; 28                ; Signed Integer                          ;
; CLK4_DIVIDE_BY                ; 1                 ; Untyped                                 ;
; CLK3_DIVIDE_BY                ; 56                ; Signed Integer                          ;
; CLK2_DIVIDE_BY                ; 56                ; Signed Integer                          ;
; CLK1_DIVIDE_BY                ; 14                ; Signed Integer                          ;
; CLK0_DIVIDE_BY                ; 14                ; Signed Integer                          ;
; CLK9_PHASE_SHIFT              ; 0                 ; Untyped                                 ;
; CLK8_PHASE_SHIFT              ; 0                 ; Untyped                                 ;
; CLK7_PHASE_SHIFT              ; 0                 ; Untyped                                 ;
; CLK6_PHASE_SHIFT              ; 0                 ; Untyped                                 ;
; CLK5_PHASE_SHIFT              ; 0                 ; Untyped                                 ;
; CLK4_PHASE_SHIFT              ; 0                 ; Untyped                                 ;
; CLK3_PHASE_SHIFT              ; 30000             ; Untyped                                 ;
; CLK2_PHASE_SHIFT              ; 10000             ; Untyped                                 ;
; CLK1_PHASE_SHIFT              ; 0                 ; Untyped                                 ;
; CLK0_PHASE_SHIFT              ; 0                 ; Untyped                                 ;
; CLK5_TIME_DELAY               ; 0                 ; Untyped                                 ;
; CLK4_TIME_DELAY               ; 0                 ; Untyped                                 ;
; CLK3_TIME_DELAY               ; 0                 ; Untyped                                 ;
; CLK2_TIME_DELAY               ; 0                 ; Untyped                                 ;
; CLK1_TIME_DELAY               ; 0                 ; Untyped                                 ;
; CLK0_TIME_DELAY               ; 0                 ; Untyped                                 ;
; CLK9_DUTY_CYCLE               ; 50                ; Untyped                                 ;
; CLK8_DUTY_CYCLE               ; 50                ; Untyped                                 ;
; CLK7_DUTY_CYCLE               ; 50                ; Untyped                                 ;
; CLK6_DUTY_CYCLE               ; 50                ; Untyped                                 ;
; CLK5_DUTY_CYCLE               ; 50                ; Signed Integer                          ;
; CLK4_DUTY_CYCLE               ; 50                ; Untyped                                 ;
; CLK3_DUTY_CYCLE               ; 50                ; Signed Integer                          ;
; CLK2_DUTY_CYCLE               ; 50                ; Signed Integer                          ;
; CLK1_DUTY_CYCLE               ; 50                ; Signed Integer                          ;
; CLK0_DUTY_CYCLE               ; 50                ; Signed Integer                          ;
; CLK9_USE_EVEN_COUNTER_MODE    ; OFF               ; Untyped                                 ;
; CLK8_USE_EVEN_COUNTER_MODE    ; OFF               ; Untyped                                 ;
; CLK7_USE_EVEN_COUNTER_MODE    ; OFF               ; Untyped                                 ;
; CLK6_USE_EVEN_COUNTER_MODE    ; OFF               ; Untyped                                 ;
; CLK5_USE_EVEN_COUNTER_MODE    ; OFF               ; Untyped                                 ;
; CLK4_USE_EVEN_COUNTER_MODE    ; OFF               ; Untyped                                 ;
; CLK3_USE_EVEN_COUNTER_MODE    ; OFF               ; Untyped                                 ;
; CLK2_USE_EVEN_COUNTER_MODE    ; OFF               ; Untyped                                 ;
; CLK1_USE_EVEN_COUNTER_MODE    ; OFF               ; Untyped                                 ;
; CLK0_USE_EVEN_COUNTER_MODE    ; OFF               ; Untyped                                 ;
; CLK9_USE_EVEN_COUNTER_VALUE   ; OFF               ; Untyped                                 ;
; CLK8_USE_EVEN_COUNTER_VALUE   ; OFF               ; Untyped                                 ;
; CLK7_USE_EVEN_COUNTER_VALUE   ; OFF               ; Untyped                                 ;
; CLK6_USE_EVEN_COUNTER_VALUE   ; OFF               ; Untyped                                 ;
; CLK5_USE_EVEN_COUNTER_VALUE   ; OFF               ; Untyped                                 ;
; CLK4_USE_EVEN_COUNTER_VALUE   ; OFF               ; Untyped                                 ;
; CLK3_USE_EVEN_COUNTER_VALUE   ; OFF               ; Untyped                                 ;
; CLK2_USE_EVEN_COUNTER_VALUE   ; OFF               ; Untyped                                 ;
; CLK1_USE_EVEN_COUNTER_VALUE   ; OFF               ; Untyped                                 ;
; CLK0_USE_EVEN_COUNTER_VALUE   ; OFF               ; Untyped                                 ;
; LOCK_WINDOW_UI                ;  0.05             ; Untyped                                 ;
; LOCK_WINDOW_UI_BITS           ; UNUSED            ; Untyped                                 ;
; VCO_RANGE_DETECTOR_LOW_BITS   ; UNUSED            ; Untyped                                 ;
; VCO_RANGE_DETECTOR_HIGH_BITS  ; UNUSED            ; Untyped                                 ;
; DPA_MULTIPLY_BY               ; 0                 ; Untyped                                 ;
; DPA_DIVIDE_BY                 ; 1                 ; Untyped                                 ;
; DPA_DIVIDER                   ; 0                 ; Untyped                                 ;
; EXTCLK3_MULTIPLY_BY           ; 1                 ; Untyped                                 ;
; EXTCLK2_MULTIPLY_BY           ; 1                 ; Untyped                                 ;
; EXTCLK1_MULTIPLY_BY           ; 1                 ; Untyped                                 ;
; EXTCLK0_MULTIPLY_BY           ; 1                 ; Untyped                                 ;
; EXTCLK3_DIVIDE_BY             ; 1                 ; Untyped                                 ;
; EXTCLK2_DIVIDE_BY             ; 1                 ; Untyped                                 ;
; EXTCLK1_DIVIDE_BY             ; 1                 ; Untyped                                 ;
; EXTCLK0_DIVIDE_BY             ; 1                 ; Untyped                                 ;
; EXTCLK3_PHASE_SHIFT           ; 0                 ; Untyped                                 ;
; EXTCLK2_PHASE_SHIFT           ; 0                 ; Untyped                                 ;
; EXTCLK1_PHASE_SHIFT           ; 0                 ; Untyped                                 ;
; EXTCLK0_PHASE_SHIFT           ; 0                 ; Untyped                                 ;
; EXTCLK3_TIME_DELAY            ; 0                 ; Untyped                                 ;
; EXTCLK2_TIME_DELAY            ; 0                 ; Untyped                                 ;
; EXTCLK1_TIME_DELAY            ; 0                 ; Untyped                                 ;
; EXTCLK0_TIME_DELAY            ; 0                 ; Untyped                                 ;
; EXTCLK3_DUTY_CYCLE            ; 50                ; Untyped                                 ;
; EXTCLK2_DUTY_CYCLE            ; 50                ; Untyped                                 ;
; EXTCLK1_DUTY_CYCLE            ; 50                ; Untyped                                 ;
; EXTCLK0_DUTY_CYCLE            ; 50                ; Untyped                                 ;
; VCO_MULTIPLY_BY               ; 0                 ; Untyped                                 ;
; VCO_DIVIDE_BY                 ; 0                 ; Untyped                                 ;
; SCLKOUT0_PHASE_SHIFT          ; 0                 ; Untyped                                 ;
; SCLKOUT1_PHASE_SHIFT          ; 0                 ; Untyped                                 ;
; VCO_MIN                       ; 0                 ; Untyped                                 ;
; VCO_MAX                       ; 0                 ; Untyped                                 ;
; VCO_CENTER                    ; 0                 ; Untyped                                 ;
; PFD_MIN                       ; 0                 ; Untyped                                 ;
; PFD_MAX                       ; 0                 ; Untyped                                 ;
; M_INITIAL                     ; 0                 ; Untyped                                 ;
; M                             ; 0                 ; Untyped                                 ;
; N                             ; 1                 ; Untyped                                 ;
; M2                            ; 1                 ; Untyped                                 ;
; N2                            ; 1                 ; Untyped                                 ;
; SS                            ; 1                 ; Untyped                                 ;
; C0_HIGH                       ; 0                 ; Untyped                                 ;
; C1_HIGH                       ; 0                 ; Untyped                                 ;
; C2_HIGH                       ; 0                 ; Untyped                                 ;
; C3_HIGH                       ; 0                 ; Untyped                                 ;
; C4_HIGH                       ; 0                 ; Untyped                                 ;
; C5_HIGH                       ; 0                 ; Untyped                                 ;
; C6_HIGH                       ; 0                 ; Untyped                                 ;
; C7_HIGH                       ; 0                 ; Untyped                                 ;
; C8_HIGH                       ; 0                 ; Untyped                                 ;
; C9_HIGH                       ; 0                 ; Untyped                                 ;
; C0_LOW                        ; 0                 ; Untyped                                 ;
; C1_LOW                        ; 0                 ; Untyped                                 ;
; C2_LOW                        ; 0                 ; Untyped                                 ;
; C3_LOW                        ; 0                 ; Untyped                                 ;
; C4_LOW                        ; 0                 ; Untyped                                 ;
; C5_LOW                        ; 0                 ; Untyped                                 ;
; C6_LOW                        ; 0                 ; Untyped                                 ;
; C7_LOW                        ; 0                 ; Untyped                                 ;
; C8_LOW                        ; 0                 ; Untyped                                 ;
; C9_LOW                        ; 0                 ; Untyped                                 ;
; C0_INITIAL                    ; 0                 ; Untyped                                 ;
; C1_INITIAL                    ; 0                 ; Untyped                                 ;
; C2_INITIAL                    ; 0                 ; Untyped                                 ;
; C3_INITIAL                    ; 0                 ; Untyped                                 ;
; C4_INITIAL                    ; 0                 ; Untyped                                 ;
; C5_INITIAL                    ; 0                 ; Untyped                                 ;
; C6_INITIAL                    ; 0                 ; Untyped                                 ;
; C7_INITIAL                    ; 0                 ; Untyped                                 ;
; C8_INITIAL                    ; 0                 ; Untyped                                 ;
; C9_INITIAL                    ; 0                 ; Untyped                                 ;
; C0_MODE                       ; BYPASS            ; Untyped                                 ;
; C1_MODE                       ; BYPASS            ; Untyped                                 ;
; C2_MODE                       ; BYPASS            ; Untyped                                 ;
; C3_MODE                       ; BYPASS            ; Untyped                                 ;
; C4_MODE                       ; BYPASS            ; Untyped                                 ;
; C5_MODE                       ; BYPASS            ; Untyped                                 ;
; C6_MODE                       ; BYPASS            ; Untyped                                 ;
; C7_MODE                       ; BYPASS            ; Untyped                                 ;
; C8_MODE                       ; BYPASS            ; Untyped                                 ;
; C9_MODE                       ; BYPASS            ; Untyped                                 ;
; C0_PH                         ; 0                 ; Untyped                                 ;
; C1_PH                         ; 0                 ; Untyped                                 ;
; C2_PH                         ; 0                 ; Untyped                                 ;
; C3_PH                         ; 0                 ; Untyped                                 ;
; C4_PH                         ; 0                 ; Untyped                                 ;
; C5_PH                         ; 0                 ; Untyped                                 ;
; C6_PH                         ; 0                 ; Untyped                                 ;
; C7_PH                         ; 0                 ; Untyped                                 ;
; C8_PH                         ; 0                 ; Untyped                                 ;
; C9_PH                         ; 0                 ; Untyped                                 ;
; L0_HIGH                       ; 1                 ; Untyped                                 ;
; L1_HIGH                       ; 1                 ; Untyped                                 ;
; G0_HIGH                       ; 1                 ; Untyped                                 ;
; G1_HIGH                       ; 1                 ; Untyped                                 ;
; G2_HIGH                       ; 1                 ; Untyped                                 ;
; G3_HIGH                       ; 1                 ; Untyped                                 ;
; E0_HIGH                       ; 1                 ; Untyped                                 ;
; E1_HIGH                       ; 1                 ; Untyped                                 ;
; E2_HIGH                       ; 1                 ; Untyped                                 ;
; E3_HIGH                       ; 1                 ; Untyped                                 ;
; L0_LOW                        ; 1                 ; Untyped                                 ;
; L1_LOW                        ; 1                 ; Untyped                                 ;
; G0_LOW                        ; 1                 ; Untyped                                 ;
; G1_LOW                        ; 1                 ; Untyped                                 ;
; G2_LOW                        ; 1                 ; Untyped                                 ;
; G3_LOW                        ; 1                 ; Untyped                                 ;
; E0_LOW                        ; 1                 ; Untyped                                 ;
; E1_LOW                        ; 1                 ; Untyped                                 ;
; E2_LOW                        ; 1                 ; Untyped                                 ;
; E3_LOW                        ; 1                 ; Untyped                                 ;
; L0_INITIAL                    ; 1                 ; Untyped                                 ;
; L1_INITIAL                    ; 1                 ; Untyped                                 ;
; G0_INITIAL                    ; 1                 ; Untyped                                 ;
; G1_INITIAL                    ; 1                 ; Untyped                                 ;
; G2_INITIAL                    ; 1                 ; Untyped                                 ;
; G3_INITIAL                    ; 1                 ; Untyped                                 ;
; E0_INITIAL                    ; 1                 ; Untyped                                 ;
; E1_INITIAL                    ; 1                 ; Untyped                                 ;
; E2_INITIAL                    ; 1                 ; Untyped                                 ;
; E3_INITIAL                    ; 1                 ; Untyped                                 ;
; L0_MODE                       ; BYPASS            ; Untyped                                 ;
; L1_MODE                       ; BYPASS            ; Untyped                                 ;
; G0_MODE                       ; BYPASS            ; Untyped                                 ;
; G1_MODE                       ; BYPASS            ; Untyped                                 ;
; G2_MODE                       ; BYPASS            ; Untyped                                 ;
; G3_MODE                       ; BYPASS            ; Untyped                                 ;
; E0_MODE                       ; BYPASS            ; Untyped                                 ;
; E1_MODE                       ; BYPASS            ; Untyped                                 ;
; E2_MODE                       ; BYPASS            ; Untyped                                 ;
; E3_MODE                       ; BYPASS            ; Untyped                                 ;
; L0_PH                         ; 0                 ; Untyped                                 ;
; L1_PH                         ; 0                 ; Untyped                                 ;
; G0_PH                         ; 0                 ; Untyped                                 ;
; G1_PH                         ; 0                 ; Untyped                                 ;
; G2_PH                         ; 0                 ; Untyped                                 ;
; G3_PH                         ; 0                 ; Untyped                                 ;
; E0_PH                         ; 0                 ; Untyped                                 ;
; E1_PH                         ; 0                 ; Untyped                                 ;
; E2_PH                         ; 0                 ; Untyped                                 ;
; E3_PH                         ; 0                 ; Untyped                                 ;
; M_PH                          ; 0                 ; Untyped                                 ;
; C1_USE_CASC_IN                ; OFF               ; Untyped                                 ;
; C2_USE_CASC_IN                ; OFF               ; Untyped                                 ;
; C3_USE_CASC_IN                ; OFF               ; Untyped                                 ;
; C4_USE_CASC_IN                ; OFF               ; Untyped                                 ;
; C5_USE_CASC_IN                ; OFF               ; Untyped                                 ;
; C6_USE_CASC_IN                ; OFF               ; Untyped                                 ;
; C7_USE_CASC_IN                ; OFF               ; Untyped                                 ;
; C8_USE_CASC_IN                ; OFF               ; Untyped                                 ;
; C9_USE_CASC_IN                ; OFF               ; Untyped                                 ;
; CLK0_COUNTER                  ; G0                ; Untyped                                 ;
; CLK1_COUNTER                  ; G0                ; Untyped                                 ;
; CLK2_COUNTER                  ; G0                ; Untyped                                 ;
; CLK3_COUNTER                  ; G0                ; Untyped                                 ;
; CLK4_COUNTER                  ; G0                ; Untyped                                 ;
; CLK5_COUNTER                  ; G0                ; Untyped                                 ;
; CLK6_COUNTER                  ; E0                ; Untyped                                 ;
; CLK7_COUNTER                  ; E1                ; Untyped                                 ;
; CLK8_COUNTER                  ; E2                ; Untyped                                 ;
; CLK9_COUNTER                  ; E3                ; Untyped                                 ;
; L0_TIME_DELAY                 ; 0                 ; Untyped                                 ;
; L1_TIME_DELAY                 ; 0                 ; Untyped                                 ;
; G0_TIME_DELAY                 ; 0                 ; Untyped                                 ;
; G1_TIME_DELAY                 ; 0                 ; Untyped                                 ;
; G2_TIME_DELAY                 ; 0                 ; Untyped                                 ;
; G3_TIME_DELAY                 ; 0                 ; Untyped                                 ;
; E0_TIME_DELAY                 ; 0                 ; Untyped                                 ;
; E1_TIME_DELAY                 ; 0                 ; Untyped                                 ;
; E2_TIME_DELAY                 ; 0                 ; Untyped                                 ;
; E3_TIME_DELAY                 ; 0                 ; Untyped                                 ;
; M_TIME_DELAY                  ; 0                 ; Untyped                                 ;
; N_TIME_DELAY                  ; 0                 ; Untyped                                 ;
; EXTCLK3_COUNTER               ; E3                ; Untyped                                 ;
; EXTCLK2_COUNTER               ; E2                ; Untyped                                 ;
; EXTCLK1_COUNTER               ; E1                ; Untyped                                 ;
; EXTCLK0_COUNTER               ; E0                ; Untyped                                 ;
; ENABLE0_COUNTER               ; L0                ; Untyped                                 ;
; ENABLE1_COUNTER               ; L0                ; Untyped                                 ;
; CHARGE_PUMP_CURRENT           ; 2                 ; Untyped                                 ;
; LOOP_FILTER_R                 ;  1.000000         ; Untyped                                 ;
; LOOP_FILTER_C                 ; 5                 ; Untyped                                 ;
; CHARGE_PUMP_CURRENT_BITS      ; 9999              ; Untyped                                 ;
; LOOP_FILTER_R_BITS            ; 9999              ; Untyped                                 ;
; LOOP_FILTER_C_BITS            ; 9999              ; Untyped                                 ;
; VCO_POST_SCALE                ; 0                 ; Untyped                                 ;
; CLK2_OUTPUT_FREQUENCY         ; 0                 ; Untyped                                 ;
; CLK1_OUTPUT_FREQUENCY         ; 0                 ; Untyped                                 ;
; CLK0_OUTPUT_FREQUENCY         ; 0                 ; Untyped                                 ;
; INTENDED_DEVICE_FAMILY        ; eHiChip6           ; Untyped                                 ;
; PORT_CLKENA0                  ; PORT_UNUSED       ; Untyped                                 ;
; PORT_CLKENA1                  ; PORT_UNUSED       ; Untyped                                 ;
; PORT_CLKENA2                  ; PORT_UNUSED       ; Untyped                                 ;
; PORT_CLKENA3                  ; PORT_UNUSED       ; Untyped                                 ;
; PORT_CLKENA4                  ; PORT_UNUSED       ; Untyped                                 ;
; PORT_CLKENA5                  ; PORT_UNUSED       ; Untyped                                 ;
; PORT_EXTCLKENA0               ; PORT_CONNECTIVITY ; Untyped                                 ;
; PORT_EXTCLKENA1               ; PORT_CONNECTIVITY ; Untyped                                 ;
; PORT_EXTCLKENA2               ; PORT_CONNECTIVITY ; Untyped                                 ;
; PORT_EXTCLKENA3               ; PORT_CONNECTIVITY ; Untyped                                 ;
; PORT_EXTCLK0                  ; PORT_UNUSED       ; Untyped                                 ;
; PORT_EXTCLK1                  ; PORT_UNUSED       ; Untyped                                 ;
; PORT_EXTCLK2                  ; PORT_UNUSED       ; Untyped                                 ;
; PORT_EXTCLK3                  ; PORT_UNUSED       ; Untyped                                 ;
; PORT_CLKBAD0                  ; PORT_UNUSED       ; Untyped                                 ;
; PORT_CLKBAD1                  ; PORT_UNUSED       ; Untyped                                 ;
; PORT_CLK0                     ; PORT_USED         ; Untyped                                 ;
; PORT_CLK1                     ; PORT_USED         ; Untyped                                 ;
; PORT_CLK2                     ; PORT_USED         ; Untyped                                 ;
; PORT_CLK3                     ; PORT_USED         ; Untyped                                 ;
; PORT_CLK4                     ; PORT_UNUSED       ; Untyped                                 ;
; PORT_CLK5                     ; PORT_USED         ; Untyped                                 ;
; PORT_CLK6                     ; PORT_UNUSED       ; Untyped                                 ;
; PORT_CLK7                     ; PORT_UNUSED       ; Untyped                                 ;
; PORT_CLK8                     ; PORT_UNUSED       ; Untyped                                 ;
; PORT_CLK9                     ; PORT_UNUSED       ; Untyped                                 ;
; PORT_SCANDATA                 ; PORT_UNUSED       ; Untyped                                 ;
; PORT_SCANDATAOUT              ; PORT_UNUSED       ; Untyped                                 ;
; PORT_SCANDONE                 ; PORT_UNUSED       ; Untyped                                 ;
; PORT_SCLKOUT1                 ; PORT_CONNECTIVITY ; Untyped                                 ;
; PORT_SCLKOUT0                 ; PORT_CONNECTIVITY ; Untyped                                 ;
; PORT_ACTIVECLOCK              ; PORT_UNUSED       ; Untyped                                 ;
; PORT_CLKLOSS                  ; PORT_UNUSED       ; Untyped                                 ;
; PORT_INCLK1                   ; PORT_UNUSED       ; Untyped                                 ;
; PORT_INCLK0                   ; PORT_USED         ; Untyped                                 ;
; PORT_FBIN                     ; PORT_UNUSED       ; Untyped                                 ;
; PORT_PLLENA                   ; PORT_UNUSED       ; Untyped                                 ;
; PORT_CLKSWITCH                ; PORT_UNUSED       ; Untyped                                 ;
; PORT_ARESET                   ; PORT_USED         ; Untyped                                 ;
; PORT_PFDENA                   ; PORT_UNUSED       ; Untyped                                 ;
; PORT_SCANCLK                  ; PORT_UNUSED       ; Untyped                                 ;
; PORT_SCANACLR                 ; PORT_UNUSED       ; Untyped                                 ;
; PORT_SCANREAD                 ; PORT_UNUSED       ; Untyped                                 ;
; PORT_SCANWRITE                ; PORT_UNUSED       ; Untyped                                 ;
; PORT_ENABLE0                  ; PORT_CONNECTIVITY ; Untyped                                 ;
; PORT_ENABLE1                  ; PORT_CONNECTIVITY ; Untyped                                 ;
; PORT_LOCKED                   ; PORT_USED         ; Untyped                                 ;
; PORT_CONFIGUPDATE             ; PORT_CONNECTIVITY ; Untyped                                 ;
; PORT_FBOUT                    ; PORT_CONNECTIVITY ; Untyped                                 ;
; PORT_PHASEDONE                ; PORT_UNUSED       ; Untyped                                 ;
; PORT_PHASESTEP                ; PORT_UNUSED       ; Untyped                                 ;
; PORT_PHASEUPDOWN              ; PORT_UNUSED       ; Untyped                                 ;
; PORT_SCANCLKENA               ; PORT_UNUSED       ; Untyped                                 ;
; PORT_PHASECOUNTERSELECT       ; PORT_UNUSED       ; Untyped                                 ;
; PORT_VCOOVERRANGE             ; PORT_CONNECTIVITY ; Untyped                                 ;
; PORT_VCOUNDERRANGE            ; PORT_CONNECTIVITY ; Untyped                                 ;
; M_TEST_SOURCE                 ; 5                 ; Untyped                                 ;
; C0_TEST_SOURCE                ; 5                 ; Untyped                                 ;
; C1_TEST_SOURCE                ; 5                 ; Untyped                                 ;
; C2_TEST_SOURCE                ; 5                 ; Untyped                                 ;
; C3_TEST_SOURCE                ; 5                 ; Untyped                                 ;
; C4_TEST_SOURCE                ; 5                 ; Untyped                                 ;
; C5_TEST_SOURCE                ; 5                 ; Untyped                                 ;
; C6_TEST_SOURCE                ; 5                 ; Untyped                                 ;
; C7_TEST_SOURCE                ; 5                 ; Untyped                                 ;
; C8_TEST_SOURCE                ; 5                 ; Untyped                                 ;
; C9_TEST_SOURCE                ; 5                 ; Untyped                                 ;
; CBXI_PARAMETER                ; NOTHING           ; Untyped                                 ;
; VCO_FREQUENCY_CONTROL         ; AUTO              ; Untyped                                 ;
; VCO_PHASE_SHIFT_STEP          ; 0                 ; Untyped                                 ;
; WIDTH_CLOCK                   ; 6                 ; Untyped                                 ;
; WIDTH_PHASECOUNTERSELECT      ; 4                 ; Untyped                                 ;
; USING_FBMIMICBIDIR_PORT       ; OFF               ; Untyped                                 ;
; DEVICE_FAMILY                 ; eHiChip6           ; Untyped                                 ;
; SCAN_CHAIN_MIF_FILE           ; UNUSED            ; Untyped                                 ;
; SIM_GATE_LOCK_DEVICE_BEHAVIOR ; OFF               ; Untyped                                 ;
; AUTO_CARRY_CHAINS             ; ON                ; AUTO_CARRY                              ;
; IGNORE_CARRY_BUFFERS          ; OFF               ; IGNORE_CARRY                            ;
; AUTO_CASCADE_CHAINS           ; ON                ; AUTO_CASCADE                            ;
; IGNORE_CASCADE_BUFFERS        ; OFF               ; IGNORE_CASCADE                          ;
+-------------------------------+-------------------+-----------------------------------------+
Note: In order to hide this table in the UI and the text report file, please set the "Show Parameter Settings in Synthesis Report" option in "Analysis and Synthesis Settings -> More Settings" to "Off".


+----------------------------------------------------------------------------------------------+
; Parameter Settings for User Entity Instance: clk_pll_2:clk_gen_inst2|altpll:altpll_component ;
+-------------------------------+-------------------+------------------------------------------+
; Parameter Name                ; Value             ; Type                                     ;
+-------------------------------+-------------------+------------------------------------------+
; OPERATION_MODE                ; NO_COMPENSATION   ; Untyped                                  ;
; PLL_TYPE                      ; Enhanced          ; Untyped                                  ;
; LPM_HINT                      ; UNUSED            ; Untyped                                  ;
; QUALIFY_CONF_DONE             ; OFF               ; Untyped                                  ;
; COMPENSATE_CLOCK              ; CLK0              ; Untyped                                  ;
; SCAN_CHAIN                    ; LONG              ; Untyped                                  ;
; PRIMARY_CLOCK                 ; INCLK0            ; Untyped                                  ;
; INCLK0_INPUT_FREQUENCY        ; 20000             ; Signed Integer                           ;
; INCLK1_INPUT_FREQUENCY        ; 0                 ; Untyped                                  ;
; GATE_LOCK_SIGNAL              ; NO                ; Untyped                                  ;
; GATE_LOCK_COUNTER             ; 0                 ; Untyped                                  ;
; LOCK_HIGH                     ; 1                 ; Untyped                                  ;
; LOCK_LOW                      ; 1                 ; Untyped                                  ;
; VALID_LOCK_MULTIPLIER         ; 1                 ; Signed Integer                           ;
; INVALID_LOCK_MULTIPLIER       ; 5                 ; Signed Integer                           ;
; SWITCH_OVER_ON_LOSSCLK        ; OFF               ; Untyped                                  ;
; SWITCH_OVER_ON_GATED_LOCK     ; OFF               ; Untyped                                  ;
; ENABLE_SWITCH_OVER_COUNTER    ; OFF               ; Untyped                                  ;
; SKIP_VCO                      ; OFF               ; Untyped                                  ;
; SWITCH_OVER_COUNTER           ; 0                 ; Untyped                                  ;
; SWITCH_OVER_TYPE              ; AUTO              ; Untyped                                  ;
; FEEDBACK_SOURCE               ; EXTCLK0           ; Untyped                                  ;
; BANDWIDTH                     ; 0                 ; Untyped                                  ;
; BANDWIDTH_TYPE                ; AUTO              ; Untyped                                  ;
; SPREAD_FREQUENCY              ; 0                 ; Untyped                                  ;
; DOWN_SPREAD                   ; 0                 ; Untyped                                  ;
; SELF_RESET_ON_GATED_LOSS_LOCK ; OFF               ; Untyped                                  ;
; SELF_RESET_ON_LOSS_LOCK       ; OFF               ; Untyped                                  ;
; CLK9_MULTIPLY_BY              ; 0                 ; Untyped                                  ;
; CLK8_MULTIPLY_BY              ; 0                 ; Untyped                                  ;
; CLK7_MULTIPLY_BY              ; 0                 ; Untyped                                  ;
; CLK6_MULTIPLY_BY              ; 0                 ; Untyped                                  ;
; CLK5_MULTIPLY_BY              ; 24                ; Signed Integer                           ;
; CLK4_MULTIPLY_BY              ; 1                 ; Untyped                                  ;
; CLK3_MULTIPLY_BY              ; 1                 ; Untyped                                  ;
; CLK2_MULTIPLY_BY              ; 1                 ; Untyped                                  ;
; CLK1_MULTIPLY_BY              ; 24                ; Signed Integer                           ;
; CLK0_MULTIPLY_BY              ; 24                ; Signed Integer                           ;
; CLK9_DIVIDE_BY                ; 0                 ; Untyped                                  ;
; CLK8_DIVIDE_BY                ; 0                 ; Untyped                                  ;
; CLK7_DIVIDE_BY                ; 0                 ; Untyped                                  ;
; CLK6_DIVIDE_BY                ; 0                 ; Untyped                                  ;
; CLK5_DIVIDE_BY                ; 24                ; Signed Integer                           ;
; CLK4_DIVIDE_BY                ; 1                 ; Untyped                                  ;
; CLK3_DIVIDE_BY                ; 1                 ; Untyped                                  ;
; CLK2_DIVIDE_BY                ; 1                 ; Untyped                                  ;
; CLK1_DIVIDE_BY                ; 50                ; Signed Integer                           ;
; CLK0_DIVIDE_BY                ; 48                ; Signed Integer                           ;
; CLK9_PHASE_SHIFT              ; 0                 ; Untyped                                  ;
; CLK8_PHASE_SHIFT              ; 0                 ; Untyped                                  ;
; CLK7_PHASE_SHIFT              ; 0                 ; Untyped                                  ;
; CLK6_PHASE_SHIFT              ; 0                 ; Untyped                                  ;
; CLK5_PHASE_SHIFT              ; 0                 ; Untyped                                  ;
; CLK4_PHASE_SHIFT              ; 0                 ; Untyped                                  ;
; CLK3_PHASE_SHIFT              ; 0                 ; Untyped                                  ;
; CLK2_PHASE_SHIFT              ; 0                 ; Untyped                                  ;
; CLK1_PHASE_SHIFT              ; 0                 ; Untyped                                  ;
; CLK0_PHASE_SHIFT              ; 0                 ; Untyped                                  ;
; CLK5_TIME_DELAY               ; 0                 ; Untyped                                  ;
; CLK4_TIME_DELAY               ; 0                 ; Untyped                                  ;
; CLK3_TIME_DELAY               ; 0                 ; Untyped                                  ;
; CLK2_TIME_DELAY               ; 0                 ; Untyped                                  ;
; CLK1_TIME_DELAY               ; 0                 ; Untyped                                  ;
; CLK0_TIME_DELAY               ; 0                 ; Untyped                                  ;
; CLK9_DUTY_CYCLE               ; 50                ; Untyped                                  ;
; CLK8_DUTY_CYCLE               ; 50                ; Untyped                                  ;
; CLK7_DUTY_CYCLE               ; 50                ; Untyped                                  ;
; CLK6_DUTY_CYCLE               ; 50                ; Untyped                                  ;
; CLK5_DUTY_CYCLE               ; 50                ; Signed Integer                           ;
; CLK4_DUTY_CYCLE               ; 50                ; Untyped                                  ;
; CLK3_DUTY_CYCLE               ; 50                ; Untyped                                  ;
; CLK2_DUTY_CYCLE               ; 50                ; Untyped                                  ;
; CLK1_DUTY_CYCLE               ; 50                ; Signed Integer                           ;
; CLK0_DUTY_CYCLE               ; 50                ; Signed Integer                           ;
; CLK9_USE_EVEN_COUNTER_MODE    ; OFF               ; Untyped                                  ;
; CLK8_USE_EVEN_COUNTER_MODE    ; OFF               ; Untyped                                  ;
; CLK7_USE_EVEN_COUNTER_MODE    ; OFF               ; Untyped                                  ;
; CLK6_USE_EVEN_COUNTER_MODE    ; OFF               ; Untyped                                  ;
; CLK5_USE_EVEN_COUNTER_MODE    ; OFF               ; Untyped                                  ;
; CLK4_USE_EVEN_COUNTER_MODE    ; OFF               ; Untyped                                  ;
; CLK3_USE_EVEN_COUNTER_MODE    ; OFF               ; Untyped                                  ;
; CLK2_USE_EVEN_COUNTER_MODE    ; OFF               ; Untyped                                  ;
; CLK1_USE_EVEN_COUNTER_MODE    ; OFF               ; Untyped                                  ;
; CLK0_USE_EVEN_COUNTER_MODE    ; OFF               ; Untyped                                  ;
; CLK9_USE_EVEN_COUNTER_VALUE   ; OFF               ; Untyped                                  ;
; CLK8_USE_EVEN_COUNTER_VALUE   ; OFF               ; Untyped                                  ;
; CLK7_USE_EVEN_COUNTER_VALUE   ; OFF               ; Untyped                                  ;
; CLK6_USE_EVEN_COUNTER_VALUE   ; OFF               ; Untyped                                  ;
; CLK5_USE_EVEN_COUNTER_VALUE   ; OFF               ; Untyped                                  ;
; CLK4_USE_EVEN_COUNTER_VALUE   ; OFF               ; Untyped                                  ;
; CLK3_USE_EVEN_COUNTER_VALUE   ; OFF               ; Untyped                                  ;
; CLK2_USE_EVEN_COUNTER_VALUE   ; OFF               ; Untyped                                  ;
; CLK1_USE_EVEN_COUNTER_VALUE   ; OFF               ; Untyped                                  ;
; CLK0_USE_EVEN_COUNTER_VALUE   ; OFF               ; Untyped                                  ;
; LOCK_WINDOW_UI                ;  0.05             ; Untyped                                  ;
; LOCK_WINDOW_UI_BITS           ; UNUSED            ; Untyped                                  ;
; VCO_RANGE_DETECTOR_LOW_BITS   ; UNUSED            ; Untyped                                  ;
; VCO_RANGE_DETECTOR_HIGH_BITS  ; UNUSED            ; Untyped                                  ;
; DPA_MULTIPLY_BY               ; 0                 ; Untyped                                  ;
; DPA_DIVIDE_BY                 ; 1                 ; Untyped                                  ;
; DPA_DIVIDER                   ; 0                 ; Untyped                                  ;
; EXTCLK3_MULTIPLY_BY           ; 1                 ; Untyped                                  ;
; EXTCLK2_MULTIPLY_BY           ; 1                 ; Untyped                                  ;
; EXTCLK1_MULTIPLY_BY           ; 1                 ; Untyped                                  ;
; EXTCLK0_MULTIPLY_BY           ; 1                 ; Untyped                                  ;
; EXTCLK3_DIVIDE_BY             ; 1                 ; Untyped                                  ;
; EXTCLK2_DIVIDE_BY             ; 1                 ; Untyped                                  ;
; EXTCLK1_DIVIDE_BY             ; 1                 ; Untyped                                  ;
; EXTCLK0_DIVIDE_BY             ; 1                 ; Untyped                                  ;
; EXTCLK3_PHASE_SHIFT           ; 0                 ; Untyped                                  ;
; EXTCLK2_PHASE_SHIFT           ; 0                 ; Untyped                                  ;
; EXTCLK1_PHASE_SHIFT           ; 0                 ; Untyped                                  ;
; EXTCLK0_PHASE_SHIFT           ; 0                 ; Untyped                                  ;
; EXTCLK3_TIME_DELAY            ; 0                 ; Untyped                                  ;
; EXTCLK2_TIME_DELAY            ; 0                 ; Untyped                                  ;
; EXTCLK1_TIME_DELAY            ; 0                 ; Untyped                                  ;
; EXTCLK0_TIME_DELAY            ; 0                 ; Untyped                                  ;
; EXTCLK3_DUTY_CYCLE            ; 50                ; Untyped                                  ;
; EXTCLK2_DUTY_CYCLE            ; 50                ; Untyped                                  ;
; EXTCLK1_DUTY_CYCLE            ; 50                ; Untyped                                  ;
; EXTCLK0_DUTY_CYCLE            ; 50                ; Untyped                                  ;
; VCO_MULTIPLY_BY               ; 0                 ; Untyped                                  ;
; VCO_DIVIDE_BY                 ; 0                 ; Untyped                                  ;
; SCLKOUT0_PHASE_SHIFT          ; 0                 ; Untyped                                  ;
; SCLKOUT1_PHASE_SHIFT          ; 0                 ; Untyped                                  ;
; VCO_MIN                       ; 0                 ; Untyped                                  ;
; VCO_MAX                       ; 0                 ; Untyped                                  ;
; VCO_CENTER                    ; 0                 ; Untyped                                  ;
; PFD_MIN                       ; 0                 ; Untyped                                  ;
; PFD_MAX                       ; 0                 ; Untyped                                  ;
; M_INITIAL                     ; 0                 ; Untyped                                  ;
; M                             ; 0                 ; Untyped                                  ;
; N                             ; 1                 ; Untyped                                  ;
; M2                            ; 1                 ; Untyped                                  ;
; N2                            ; 1                 ; Untyped                                  ;
; SS                            ; 1                 ; Untyped                                  ;
; C0_HIGH                       ; 0                 ; Untyped                                  ;
; C1_HIGH                       ; 0                 ; Untyped                                  ;
; C2_HIGH                       ; 0                 ; Untyped                                  ;
; C3_HIGH                       ; 0                 ; Untyped                                  ;
; C4_HIGH                       ; 0                 ; Untyped                                  ;
; C5_HIGH                       ; 0                 ; Untyped                                  ;
; C6_HIGH                       ; 0                 ; Untyped                                  ;
; C7_HIGH                       ; 0                 ; Untyped                                  ;
; C8_HIGH                       ; 0                 ; Untyped                                  ;
; C9_HIGH                       ; 0                 ; Untyped                                  ;
; C0_LOW                        ; 0                 ; Untyped                                  ;
; C1_LOW                        ; 0                 ; Untyped                                  ;
; C2_LOW                        ; 0                 ; Untyped                                  ;
; C3_LOW                        ; 0                 ; Untyped                                  ;
; C4_LOW                        ; 0                 ; Untyped                                  ;
; C5_LOW                        ; 0                 ; Untyped                                  ;
; C6_LOW                        ; 0                 ; Untyped                                  ;
; C7_LOW                        ; 0                 ; Untyped                                  ;
; C8_LOW                        ; 0                 ; Untyped                                  ;
; C9_LOW                        ; 0                 ; Untyped                                  ;
; C0_INITIAL                    ; 0                 ; Untyped                                  ;
; C1_INITIAL                    ; 0                 ; Untyped                                  ;
; C2_INITIAL                    ; 0                 ; Untyped                                  ;
; C3_INITIAL                    ; 0                 ; Untyped                                  ;
; C4_INITIAL                    ; 0                 ; Untyped                                  ;
; C5_INITIAL                    ; 0                 ; Untyped                                  ;
; C6_INITIAL                    ; 0                 ; Untyped                                  ;
; C7_INITIAL                    ; 0                 ; Untyped                                  ;
; C8_INITIAL                    ; 0                 ; Untyped                                  ;
; C9_INITIAL                    ; 0                 ; Untyped                                  ;
; C0_MODE                       ; BYPASS            ; Untyped                                  ;
; C1_MODE                       ; BYPASS            ; Untyped                                  ;
; C2_MODE                       ; BYPASS            ; Untyped                                  ;
; C3_MODE                       ; BYPASS            ; Untyped                                  ;
; C4_MODE                       ; BYPASS            ; Untyped                                  ;
; C5_MODE                       ; BYPASS            ; Untyped                                  ;
; C6_MODE                       ; BYPASS            ; Untyped                                  ;
; C7_MODE                       ; BYPASS            ; Untyped                                  ;
; C8_MODE                       ; BYPASS            ; Untyped                                  ;
; C9_MODE                       ; BYPASS            ; Untyped                                  ;
; C0_PH                         ; 0                 ; Untyped                                  ;
; C1_PH                         ; 0                 ; Untyped                                  ;
; C2_PH                         ; 0                 ; Untyped                                  ;
; C3_PH                         ; 0                 ; Untyped                                  ;
; C4_PH                         ; 0                 ; Untyped                                  ;
; C5_PH                         ; 0                 ; Untyped                                  ;
; C6_PH                         ; 0                 ; Untyped                                  ;
; C7_PH                         ; 0                 ; Untyped                                  ;
; C8_PH                         ; 0                 ; Untyped                                  ;
; C9_PH                         ; 0                 ; Untyped                                  ;
; L0_HIGH                       ; 1                 ; Untyped                                  ;
; L1_HIGH                       ; 1                 ; Untyped                                  ;
; G0_HIGH                       ; 1                 ; Untyped                                  ;
; G1_HIGH                       ; 1                 ; Untyped                                  ;
; G2_HIGH                       ; 1                 ; Untyped                                  ;
; G3_HIGH                       ; 1                 ; Untyped                                  ;
; E0_HIGH                       ; 1                 ; Untyped                                  ;
; E1_HIGH                       ; 1                 ; Untyped                                  ;
; E2_HIGH                       ; 1                 ; Untyped                                  ;
; E3_HIGH                       ; 1                 ; Untyped                                  ;
; L0_LOW                        ; 1                 ; Untyped                                  ;
; L1_LOW                        ; 1                 ; Untyped                                  ;
; G0_LOW                        ; 1                 ; Untyped                                  ;
; G1_LOW                        ; 1                 ; Untyped                                  ;
; G2_LOW                        ; 1                 ; Untyped                                  ;
; G3_LOW                        ; 1                 ; Untyped                                  ;
; E0_LOW                        ; 1                 ; Untyped                                  ;
; E1_LOW                        ; 1                 ; Untyped                                  ;
; E2_LOW                        ; 1                 ; Untyped                                  ;
; E3_LOW                        ; 1                 ; Untyped                                  ;
; L0_INITIAL                    ; 1                 ; Untyped                                  ;
; L1_INITIAL                    ; 1                 ; Untyped                                  ;
; G0_INITIAL                    ; 1                 ; Untyped                                  ;
; G1_INITIAL                    ; 1                 ; Untyped                                  ;
; G2_INITIAL                    ; 1                 ; Untyped                                  ;
; G3_INITIAL                    ; 1                 ; Untyped                                  ;
; E0_INITIAL                    ; 1                 ; Untyped                                  ;
; E1_INITIAL                    ; 1                 ; Untyped                                  ;
; E2_INITIAL                    ; 1                 ; Untyped                                  ;
; E3_INITIAL                    ; 1                 ; Untyped                                  ;
; L0_MODE                       ; BYPASS            ; Untyped                                  ;
; L1_MODE                       ; BYPASS            ; Untyped                                  ;
; G0_MODE                       ; BYPASS            ; Untyped                                  ;
; G1_MODE                       ; BYPASS            ; Untyped                                  ;
; G2_MODE                       ; BYPASS            ; Untyped                                  ;
; G3_MODE                       ; BYPASS            ; Untyped                                  ;
; E0_MODE                       ; BYPASS            ; Untyped                                  ;
; E1_MODE                       ; BYPASS            ; Untyped                                  ;
; E2_MODE                       ; BYPASS            ; Untyped                                  ;
; E3_MODE                       ; BYPASS            ; Untyped                                  ;
; L0_PH                         ; 0                 ; Untyped                                  ;
; L1_PH                         ; 0                 ; Untyped                                  ;
; G0_PH                         ; 0                 ; Untyped                                  ;
; G1_PH                         ; 0                 ; Untyped                                  ;
; G2_PH                         ; 0                 ; Untyped                                  ;
; G3_PH                         ; 0                 ; Untyped                                  ;
; E0_PH                         ; 0                 ; Untyped                                  ;
; E1_PH                         ; 0                 ; Untyped                                  ;
; E2_PH                         ; 0                 ; Untyped                                  ;
; E3_PH                         ; 0                 ; Untyped                                  ;
; M_PH                          ; 0                 ; Untyped                                  ;
; C1_USE_CASC_IN                ; OFF               ; Untyped                                  ;
; C2_USE_CASC_IN                ; OFF               ; Untyped                                  ;
; C3_USE_CASC_IN                ; OFF               ; Untyped                                  ;
; C4_USE_CASC_IN                ; OFF               ; Untyped                                  ;
; C5_USE_CASC_IN                ; OFF               ; Untyped                                  ;
; C6_USE_CASC_IN                ; OFF               ; Untyped                                  ;
; C7_USE_CASC_IN                ; OFF               ; Untyped                                  ;
; C8_USE_CASC_IN                ; OFF               ; Untyped                                  ;
; C9_USE_CASC_IN                ; OFF               ; Untyped                                  ;
; CLK0_COUNTER                  ; G0                ; Untyped                                  ;
; CLK1_COUNTER                  ; G0                ; Untyped                                  ;
; CLK2_COUNTER                  ; G0                ; Untyped                                  ;
; CLK3_COUNTER                  ; G0                ; Untyped                                  ;
; CLK4_COUNTER                  ; G0                ; Untyped                                  ;
; CLK5_COUNTER                  ; G0                ; Untyped                                  ;
; CLK6_COUNTER                  ; E0                ; Untyped                                  ;
; CLK7_COUNTER                  ; E1                ; Untyped                                  ;
; CLK8_COUNTER                  ; E2                ; Untyped                                  ;
; CLK9_COUNTER                  ; E3                ; Untyped                                  ;
; L0_TIME_DELAY                 ; 0                 ; Untyped                                  ;
; L1_TIME_DELAY                 ; 0                 ; Untyped                                  ;
; G0_TIME_DELAY                 ; 0                 ; Untyped                                  ;
; G1_TIME_DELAY                 ; 0                 ; Untyped                                  ;
; G2_TIME_DELAY                 ; 0                 ; Untyped                                  ;
; G3_TIME_DELAY                 ; 0                 ; Untyped                                  ;
; E0_TIME_DELAY                 ; 0                 ; Untyped                                  ;
; E1_TIME_DELAY                 ; 0                 ; Untyped                                  ;
; E2_TIME_DELAY                 ; 0                 ; Untyped                                  ;
; E3_TIME_DELAY                 ; 0                 ; Untyped                                  ;
; M_TIME_DELAY                  ; 0                 ; Untyped                                  ;
; N_TIME_DELAY                  ; 0                 ; Untyped                                  ;
; EXTCLK3_COUNTER               ; E3                ; Untyped                                  ;
; EXTCLK2_COUNTER               ; E2                ; Untyped                                  ;
; EXTCLK1_COUNTER               ; E1                ; Untyped                                  ;
; EXTCLK0_COUNTER               ; E0                ; Untyped                                  ;
; ENABLE0_COUNTER               ; L0                ; Untyped                                  ;
; ENABLE1_COUNTER               ; L0                ; Untyped                                  ;
; CHARGE_PUMP_CURRENT           ; 2                 ; Untyped                                  ;
; LOOP_FILTER_R                 ;  1.000000         ; Untyped                                  ;
; LOOP_FILTER_C                 ; 5                 ; Untyped                                  ;
; CHARGE_PUMP_CURRENT_BITS      ; 9999              ; Untyped                                  ;
; LOOP_FILTER_R_BITS            ; 9999              ; Untyped                                  ;
; LOOP_FILTER_C_BITS            ; 9999              ; Untyped                                  ;
; VCO_POST_SCALE                ; 0                 ; Untyped                                  ;
; CLK2_OUTPUT_FREQUENCY         ; 0                 ; Untyped                                  ;
; CLK1_OUTPUT_FREQUENCY         ; 0                 ; Untyped                                  ;
; CLK0_OUTPUT_FREQUENCY         ; 0                 ; Untyped                                  ;
; INTENDED_DEVICE_FAMILY        ; eHiChip6           ; Untyped                                  ;
; PORT_CLKENA0                  ; PORT_UNUSED       ; Untyped                                  ;
; PORT_CLKENA1                  ; PORT_UNUSED       ; Untyped                                  ;
; PORT_CLKENA2                  ; PORT_UNUSED       ; Untyped                                  ;
; PORT_CLKENA3                  ; PORT_UNUSED       ; Untyped                                  ;
; PORT_CLKENA4                  ; PORT_UNUSED       ; Untyped                                  ;
; PORT_CLKENA5                  ; PORT_UNUSED       ; Untyped                                  ;
; PORT_EXTCLKENA0               ; PORT_CONNECTIVITY ; Untyped                                  ;
; PORT_EXTCLKENA1               ; PORT_CONNECTIVITY ; Untyped                                  ;
; PORT_EXTCLKENA2               ; PORT_CONNECTIVITY ; Untyped                                  ;
; PORT_EXTCLKENA3               ; PORT_CONNECTIVITY ; Untyped                                  ;
; PORT_EXTCLK0                  ; PORT_UNUSED       ; Untyped                                  ;
; PORT_EXTCLK1                  ; PORT_UNUSED       ; Untyped                                  ;
; PORT_EXTCLK2                  ; PORT_UNUSED       ; Untyped                                  ;
; PORT_EXTCLK3                  ; PORT_UNUSED       ; Untyped                                  ;
; PORT_CLKBAD0                  ; PORT_UNUSED       ; Untyped                                  ;
; PORT_CLKBAD1                  ; PORT_UNUSED       ; Untyped                                  ;
; PORT_CLK0                     ; PORT_USED         ; Untyped                                  ;
; PORT_CLK1                     ; PORT_USED         ; Untyped                                  ;
; PORT_CLK2                     ; PORT_UNUSED       ; Untyped                                  ;
; PORT_CLK3                     ; PORT_UNUSED       ; Untyped                                  ;
; PORT_CLK4                     ; PORT_UNUSED       ; Untyped                                  ;
; PORT_CLK5                     ; PORT_USED         ; Untyped                                  ;
; PORT_CLK6                     ; PORT_UNUSED       ; Untyped                                  ;
; PORT_CLK7                     ; PORT_UNUSED       ; Untyped                                  ;
; PORT_CLK8                     ; PORT_UNUSED       ; Untyped                                  ;
; PORT_CLK9                     ; PORT_UNUSED       ; Untyped                                  ;
; PORT_SCANDATA                 ; PORT_UNUSED       ; Untyped                                  ;
; PORT_SCANDATAOUT              ; PORT_UNUSED       ; Untyped                                  ;
; PORT_SCANDONE                 ; PORT_UNUSED       ; Untyped                                  ;
; PORT_SCLKOUT1                 ; PORT_CONNECTIVITY ; Untyped                                  ;
; PORT_SCLKOUT0                 ; PORT_CONNECTIVITY ; Untyped                                  ;
; PORT_ACTIVECLOCK              ; PORT_UNUSED       ; Untyped                                  ;
; PORT_CLKLOSS                  ; PORT_UNUSED       ; Untyped                                  ;
; PORT_INCLK1                   ; PORT_UNUSED       ; Untyped                                  ;
; PORT_INCLK0                   ; PORT_USED         ; Untyped                                  ;
; PORT_FBIN                     ; PORT_UNUSED       ; Untyped                                  ;
; PORT_PLLENA                   ; PORT_UNUSED       ; Untyped                                  ;
; PORT_CLKSWITCH                ; PORT_UNUSED       ; Untyped                                  ;
; PORT_ARESET                   ; PORT_USED         ; Untyped                                  ;
; PORT_PFDENA                   ; PORT_UNUSED       ; Untyped                                  ;
; PORT_SCANCLK                  ; PORT_UNUSED       ; Untyped                                  ;
; PORT_SCANACLR                 ; PORT_UNUSED       ; Untyped                                  ;
; PORT_SCANREAD                 ; PORT_UNUSED       ; Untyped                                  ;
; PORT_SCANWRITE                ; PORT_UNUSED       ; Untyped                                  ;
; PORT_ENABLE0                  ; PORT_CONNECTIVITY ; Untyped                                  ;
; PORT_ENABLE1                  ; PORT_CONNECTIVITY ; Untyped                                  ;
; PORT_LOCKED                   ; PORT_USED         ; Untyped                                  ;
; PORT_CONFIGUPDATE             ; PORT_CONNECTIVITY ; Untyped                                  ;
; PORT_FBOUT                    ; PORT_CONNECTIVITY ; Untyped                                  ;
; PORT_PHASEDONE                ; PORT_UNUSED       ; Untyped                                  ;
; PORT_PHASESTEP                ; PORT_UNUSED       ; Untyped                                  ;
; PORT_PHASEUPDOWN              ; PORT_UNUSED       ; Untyped                                  ;
; PORT_SCANCLKENA               ; PORT_UNUSED       ; Untyped                                  ;
; PORT_PHASECOUNTERSELECT       ; PORT_UNUSED       ; Untyped                                  ;
; PORT_VCOOVERRANGE             ; PORT_CONNECTIVITY ; Untyped                                  ;
; PORT_VCOUNDERRANGE            ; PORT_CONNECTIVITY ; Untyped                                  ;
; M_TEST_SOURCE                 ; 5                 ; Untyped                                  ;
; C0_TEST_SOURCE                ; 5                 ; Untyped                                  ;
; C1_TEST_SOURCE                ; 5                 ; Untyped                                  ;
; C2_TEST_SOURCE                ; 5                 ; Untyped                                  ;
; C3_TEST_SOURCE                ; 5                 ; Untyped                                  ;
; C4_TEST_SOURCE                ; 5                 ; Untyped                                  ;
; C5_TEST_SOURCE                ; 5                 ; Untyped                                  ;
; C6_TEST_SOURCE                ; 5                 ; Untyped                                  ;
; C7_TEST_SOURCE                ; 5                 ; Untyped                                  ;
; C8_TEST_SOURCE                ; 5                 ; Untyped                                  ;
; C9_TEST_SOURCE                ; 5                 ; Untyped                                  ;
; CBXI_PARAMETER                ; NOTHING           ; Untyped                                  ;
; VCO_FREQUENCY_CONTROL         ; AUTO              ; Untyped                                  ;
; VCO_PHASE_SHIFT_STEP          ; 0                 ; Untyped                                  ;
; WIDTH_CLOCK                   ; 6                 ; Untyped                                  ;
; WIDTH_PHASECOUNTERSELECT      ; 4                 ; Untyped                                  ;
; USING_FBMIMICBIDIR_PORT       ; OFF               ; Untyped                                  ;
; DEVICE_FAMILY                 ; eHiChip6           ; Untyped                                  ;
; SCAN_CHAIN_MIF_FILE           ; UNUSED            ; Untyped                                  ;
; SIM_GATE_LOCK_DEVICE_BEHAVIOR ; OFF               ; Untyped                                  ;
; AUTO_CARRY_CHAINS             ; ON                ; AUTO_CARRY                               ;
; IGNORE_CARRY_BUFFERS          ; OFF               ; IGNORE_CARRY                             ;
; AUTO_CASCADE_CHAINS           ; ON                ; AUTO_CASCADE                             ;
; IGNORE_CASCADE_BUFFERS        ; OFF               ; IGNORE_CASCADE                           ;
+-------------------------------+-------------------+------------------------------------------+
Note: In order to hide this table in the UI and the text report file, please set the "Show Parameter Settings in Synthesis Report" option in "Analysis and Synthesis Settings -> More Settings" to "Off".


+---------------------------------------------------------------------------+
; Parameter Settings for User Entity Instance: sil9134_dri:inst_sil9134_dri ;
+----------------+-----------------------------+----------------------------+
; Parameter Name ; Value                       ; Type                       ;
+----------------+-----------------------------+----------------------------+
; BIT_CTRL       ; 0                           ; Unsigned Binary            ;
; CLK_FREQ       ; 010111110101111000010000000 ; Unsigned Binary            ;
; I2C_FREQ       ; 111101000010010000          ; Unsigned Binary            ;
+----------------+-----------------------------+----------------------------+
Note: In order to hide this table in the UI and the text report file, please set the "Show Parameter Settings in Synthesis Report" option in "Analysis and Synthesis Settings -> More Settings" to "Off".


+--------------------------------------------------------------------------------------------------------+
; Parameter Settings for User Entity Instance: sil9134_dri:inst_sil9134_dri|i2c_dri:inst_i2c_sil9134_dri ;
+----------------+-----------------------------+---------------------------------------------------------+
; Parameter Name ; Value                       ; Type                                                    ;
+----------------+-----------------------------+---------------------------------------------------------+
; CLK_FREQ       ; 010111110101111000010000000 ; Unsigned Binary                                         ;
; I2C_FREQ       ; 111101000010010000          ; Unsigned Binary                                         ;
+----------------+-----------------------------+---------------------------------------------------------+
Note: In order to hide this table in the UI and the text report file, please set the "Show Parameter Settings in Synthesis Report" option in "Analysis and Synthesis Settings -> More Settings" to "Off".


+-------------------------------------------------------------------------+
; Parameter Settings for User Entity Instance: ov5640_top:ov5640_top_inst ;
+----------------+----------------------------+---------------------------+
; Parameter Name ; Value                      ; Type                      ;
+----------------+----------------------------+---------------------------+
; SLAVE_ADDR     ; 0111100                    ; Unsigned Binary           ;
; BIT_CTRL       ; 1                          ; Unsigned Binary           ;
; CLK_FREQ       ; 10111110101111000010000000 ; Unsigned Binary           ;
; I2C_FREQ       ; 111101000010010000         ; Unsigned Binary           ;
+----------------+----------------------------+---------------------------+
Note: In order to hide this table in the UI and the text report file, please set the "Show Parameter Settings in Synthesis Report" option in "Analysis and Synthesis Settings -> More Settings" to "Off".


+------------------------------------------------------------------------------------------------+
; Parameter Settings for User Entity Instance: ov5640_top:ov5640_top_inst|i2c_ctrl:i2c_ctrl_inst ;
+----------------+----------------------------+--------------------------------------------------+
; Parameter Name ; Value                      ; Type                                             ;
+----------------+----------------------------+--------------------------------------------------+
; DEVICE_ADDR    ; 0111100                    ; Unsigned Binary                                  ;
; SYS_CLK_FREQ   ; 10111110101111000010000000 ; Unsigned Binary                                  ;
; SCL_FREQ       ; 111101000010010000         ; Unsigned Binary                                  ;
+----------------+----------------------------+--------------------------------------------------+
Note: In order to hide this table in the UI and the text report file, please set the "Show Parameter Settings in Synthesis Report" option in "Analysis and Synthesis Settings -> More Settings" to "Off".


+----------------------------------------------------------------------------------------------------+
; Parameter Settings for User Entity Instance: ov5640_top:ov5640_top_inst|ov5640_cfg:ov5640_cfg_inst ;
+----------------+-----------------+-----------------------------------------------------------------+
; Parameter Name ; Value           ; Type                                                            ;
+----------------+-----------------+-----------------------------------------------------------------+
; REG_NUM        ; 11111011        ; Unsigned Binary                                                 ;
; CNT_WAIT_MAX   ; 100111000100000 ; Unsigned Binary                                                 ;
+----------------+-----------------+-----------------------------------------------------------------+
Note: In order to hide this table in the UI and the text report file, please set the "Show Parameter Settings in Synthesis Report" option in "Analysis and Synthesis Settings -> More Settings" to "Off".


+----------------------------------------------------------------------------------------------------------------------------------------+
; Parameter Settings for User Entity Instance: sdram_top:sdram1_top_inst|sdram_fifo_ctrl:u_sdram_fifo_ctrl|wrFIFO:u_wrfifo|dcfifo:dcfifo ;
+-------------------------+-------------+------------------------------------------------------------------------------------------------+
; Parameter Name          ; Value       ; Type                                                                                           ;
+-------------------------+-------------+------------------------------------------------------------------------------------------------+
; WIDTH_BYTEENA           ; 1           ; Untyped                                                                                        ;
; AUTO_CARRY_CHAINS       ; ON          ; AUTO_CARRY                                                                                     ;
; IGNORE_CARRY_BUFFERS    ; OFF         ; IGNORE_CARRY                                                                                   ;
; AUTO_CASCADE_CHAINS     ; ON          ; AUTO_CASCADE                                                                                   ;
; IGNORE_CASCADE_BUFFERS  ; OFF         ; IGNORE_CASCADE                                                                                 ;
; LPM_WIDTH               ; 16          ; Signed Integer                                                                                 ;
; LPM_NUMWORDS            ; 2048        ; Signed Integer                                                                                 ;
; LPM_WIDTHU              ; 11          ; Signed Integer                                                                                 ;
; LPM_SHOWAHEAD           ; OFF         ; Untyped                                                                                        ;
; UNDERFLOW_CHECKING      ; ON          ; Untyped                                                                                        ;
; OVERFLOW_CHECKING       ; ON          ; Untyped                                                                                        ;
; USE_EAB                 ; ON          ; Untyped                                                                                        ;
; ADD_RAM_OUTPUT_REGISTER ; ON          ; Untyped                                                                                        ;
; DELAY_RDUSEDW           ; 1           ; Untyped                                                                                        ;
; DELAY_WRUSEDW           ; 1           ; Untyped                                                                                        ;
; RDSYNC_DELAYPIPE        ; 3           ; Untyped                                                                                        ;
; WRSYNC_DELAYPIPE        ; 3           ; Untyped                                                                                        ;
; CLOCKS_ARE_SYNCHRONIZED ; FALSE       ; Untyped                                                                                        ;
; MAXIMIZE_SPEED          ; 5           ; Untyped                                                                                        ;
; DEVICE_FAMILY           ; eHiChip6     ; Untyped                                                                                        ;
; ADD_USEDW_MSB_BIT       ; OFF         ; Untyped                                                                                        ;
; WRITE_ACLR_SYNCH        ; OFF         ; Untyped                                                                                        ;
; READ_ACLR_SYNCH         ; OFF         ; Untyped                                                                                        ;
; CBXI_PARAMETER          ; dcfifo_rll1 ; Untyped                                                                                        ;
+-------------------------+-------------+------------------------------------------------------------------------------------------------+
Note: In order to hide this table in the UI and the text report file, please set the "Show Parameter Settings in Synthesis Report" option in "Analysis and Synthesis Settings -> More Settings" to "Off".


+-----------------------------------------------------------------------------------------------------------------------------------------------------------------------------------------+
; Parameter Settings for User Entity Instance: sdram_top:sdram1_top_inst|sdram_fifo_ctrl:u_sdram_fifo_ctrl|wrFIFO:u_wrfifo|dcfifo:dcfifo|dcfifo_rll1:auto_generated|scfifo:output_channel ;
+-------------------------+---------+-----------------------------------------------------------------------------------------------------------------------------------------------------+
; Parameter Name          ; Value   ; Type                                                                                                                                                ;
+-------------------------+---------+-----------------------------------------------------------------------------------------------------------------------------------------------------+
; AUTO_CARRY_CHAINS       ; ON      ; AUTO_CARRY                                                                                                                                          ;
; IGNORE_CARRY_BUFFERS    ; OFF     ; IGNORE_CARRY                                                                                                                                        ;
; AUTO_CASCADE_CHAINS     ; ON      ; AUTO_CASCADE                                                                                                                                        ;
; IGNORE_CASCADE_BUFFERS  ; OFF     ; IGNORE_CASCADE                                                                                                                                      ;
; lpm_width               ; 16      ; Untyped                                                                                                                                             ;
; LPM_NUMWORDS            ; 3       ; Untyped                                                                                                                                             ;
; LPM_WIDTHU              ; 2       ; Untyped                                                                                                                                             ;
; LPM_SHOWAHEAD           ; OFF     ; Untyped                                                                                                                                             ;
; UNDERFLOW_CHECKING      ; ON      ; Untyped                                                                                                                                             ;
; OVERFLOW_CHECKING       ; ON      ; Untyped                                                                                                                                             ;
; ALLOW_RWCYCLE_WHEN_FULL ; OFF     ; Untyped                                                                                                                                             ;
; ADD_RAM_OUTPUT_REGISTER ; ON      ; Untyped                                                                                                                                             ;
; ALMOST_FULL_VALUE       ; 0       ; Untyped                                                                                                                                             ;
; ALMOST_EMPTY_VALUE      ; 0       ; Untyped                                                                                                                                             ;
; USE_EAB                 ; OFF     ; Untyped                                                                                                                                             ;
; MAXIMIZE_SPEED          ; 5       ; Untyped                                                                                                                                             ;
; DEVICE_FAMILY           ; eHiChip6 ; Untyped                                                                                                                                             ;
; OPTIMIZE_FOR_SPEED      ; 5       ; Untyped                                                                                                                                             ;
; CBXI_PARAMETER          ; NOTHING ; Untyped                                                                                                                                             ;
+-------------------------+---------+-----------------------------------------------------------------------------------------------------------------------------------------------------+
Note: In order to hide this table in the UI and the text report file, please set the "Show Parameter Settings in Synthesis Report" option in "Analysis and Synthesis Settings -> More Settings" to "Off".


+----------------------------------------------------------------------------------------------------------------------------------------+
; Parameter Settings for User Entity Instance: sdram_top:sdram1_top_inst|sdram_fifo_ctrl:u_sdram_fifo_ctrl|rdFIFO:u_rdfifo|dcfifo:dcfifo ;
+-------------------------+-------------+------------------------------------------------------------------------------------------------+
; Parameter Name          ; Value       ; Type                                                                                           ;
+-------------------------+-------------+------------------------------------------------------------------------------------------------+
; WIDTH_BYTEENA           ; 1           ; Untyped                                                                                        ;
; AUTO_CARRY_CHAINS       ; ON          ; AUTO_CARRY                                                                                     ;
; IGNORE_CARRY_BUFFERS    ; OFF         ; IGNORE_CARRY                                                                                   ;
; AUTO_CASCADE_CHAINS     ; ON          ; AUTO_CASCADE                                                                                   ;
; IGNORE_CASCADE_BUFFERS  ; OFF         ; IGNORE_CASCADE                                                                                 ;
; LPM_WIDTH               ; 16          ; Signed Integer                                                                                 ;
; LPM_NUMWORDS            ; 2048        ; Signed Integer                                                                                 ;
; LPM_WIDTHU              ; 11          ; Signed Integer                                                                                 ;
; LPM_SHOWAHEAD           ; OFF         ; Untyped                                                                                        ;
; UNDERFLOW_CHECKING      ; ON          ; Untyped                                                                                        ;
; OVERFLOW_CHECKING       ; ON          ; Untyped                                                                                        ;
; USE_EAB                 ; ON          ; Untyped                                                                                        ;
; ADD_RAM_OUTPUT_REGISTER ; ON          ; Untyped                                                                                        ;
; DELAY_RDUSEDW           ; 1           ; Untyped                                                                                        ;
; DELAY_WRUSEDW           ; 1           ; Untyped                                                                                        ;
; RDSYNC_DELAYPIPE        ; 3           ; Untyped                                                                                        ;
; WRSYNC_DELAYPIPE        ; 3           ; Untyped                                                                                        ;
; CLOCKS_ARE_SYNCHRONIZED ; FALSE       ; Untyped                                                                                        ;
; MAXIMIZE_SPEED          ; 5           ; Untyped                                                                                        ;
; DEVICE_FAMILY           ; eHiChip6     ; Untyped                                                                                        ;
; ADD_USEDW_MSB_BIT       ; OFF         ; Untyped                                                                                        ;
; WRITE_ACLR_SYNCH        ; OFF         ; Untyped                                                                                        ;
; READ_ACLR_SYNCH         ; OFF         ; Untyped                                                                                        ;
; CBXI_PARAMETER          ; dcfifo_eml1 ; Untyped                                                                                        ;
+-------------------------+-------------+------------------------------------------------------------------------------------------------+
Note: In order to hide this table in the UI and the text report file, please set the "Show Parameter Settings in Synthesis Report" option in "Analysis and Synthesis Settings -> More Settings" to "Off".


+-----------------------------------------------------------------------------------------------------------------------------------------------------------------------------------------+
; Parameter Settings for User Entity Instance: sdram_top:sdram1_top_inst|sdram_fifo_ctrl:u_sdram_fifo_ctrl|rdFIFO:u_rdfifo|dcfifo:dcfifo|dcfifo_eml1:auto_generated|scfifo:output_channel ;
+-------------------------+---------+-----------------------------------------------------------------------------------------------------------------------------------------------------+
; Parameter Name          ; Value   ; Type                                                                                                                                                ;
+-------------------------+---------+-----------------------------------------------------------------------------------------------------------------------------------------------------+
; AUTO_CARRY_CHAINS       ; ON      ; AUTO_CARRY                                                                                                                                          ;
; IGNORE_CARRY_BUFFERS    ; OFF     ; IGNORE_CARRY                                                                                                                                        ;
; AUTO_CASCADE_CHAINS     ; ON      ; AUTO_CASCADE                                                                                                                                        ;
; IGNORE_CASCADE_BUFFERS  ; OFF     ; IGNORE_CASCADE                                                                                                                                      ;
; lpm_width               ; 16      ; Untyped                                                                                                                                             ;
; LPM_NUMWORDS            ; 3       ; Untyped                                                                                                                                             ;
; LPM_WIDTHU              ; 2       ; Untyped                                                                                                                                             ;
; LPM_SHOWAHEAD           ; OFF     ; Untyped                                                                                                                                             ;
; UNDERFLOW_CHECKING      ; ON      ; Untyped                                                                                                                                             ;
; OVERFLOW_CHECKING       ; ON      ; Untyped                                                                                                                                             ;
; ALLOW_RWCYCLE_WHEN_FULL ; OFF     ; Untyped                                                                                                                                             ;
; ADD_RAM_OUTPUT_REGISTER ; ON      ; Untyped                                                                                                                                             ;
; ALMOST_FULL_VALUE       ; 0       ; Untyped                                                                                                                                             ;
; ALMOST_EMPTY_VALUE      ; 0       ; Untyped                                                                                                                                             ;
; USE_EAB                 ; OFF     ; Untyped                                                                                                                                             ;
; MAXIMIZE_SPEED          ; 5       ; Untyped                                                                                                                                             ;
; DEVICE_FAMILY           ; eHiChip6 ; Untyped                                                                                                                                             ;
; OPTIMIZE_FOR_SPEED      ; 5       ; Untyped                                                                                                                                             ;
; CBXI_PARAMETER          ; NOTHING ; Untyped                                                                                                                                             ;
+-------------------------+---------+-----------------------------------------------------------------------------------------------------------------------------------------------------+
Note: In order to hide this table in the UI and the text report file, please set the "Show Parameter Settings in Synthesis Report" option in "Analysis and Synthesis Settings -> More Settings" to "Off".


+------------------------------------------------------------------------------------------------------------------------------------+
; Parameter Settings for User Entity Instance: sdram_top:sdram1_top_inst|sdram_controller:u_sdram_controller|sdram_ctrl:u_sdram_ctrl ;
+----------------+-----------------+-------------------------------------------------------------------------------------------------+
; Parameter Name ; Value           ; Type                                                                                            ;
+----------------+-----------------+-------------------------------------------------------------------------------------------------+
; TRP_CLK        ; 0000000010      ; Unsigned Binary                                                                                 ;
; TRC_CLK        ; 0000000110      ; Unsigned Binary                                                                                 ;
; TRSC_CLK       ; 0000000110      ; Unsigned Binary                                                                                 ;
; TRCD_CLK       ; 0000000010      ; Unsigned Binary                                                                                 ;
; TCL_CLK        ; 0000000100      ; Unsigned Binary                                                                                 ;
; TWR_CLK        ; 0000000010      ; Unsigned Binary                                                                                 ;
; CNT_200US      ; 100111000100000 ; Unsigned Binary                                                                                 ;
; CNT_REFRESH    ; 01100001101     ; Unsigned Binary                                                                                 ;
+----------------+-----------------+-------------------------------------------------------------------------------------------------+
Note: In order to hide this table in the UI and the text report file, please set the "Show Parameter Settings in Synthesis Report" option in "Analysis and Synthesis Settings -> More Settings" to "Off".


+-----------------------------------------------------------------------------+
; Parameter Settings for User Entity Instance: video_driver:video_driver_inst ;
+----------------+-------------+----------------------------------------------+
; Parameter Name ; Value       ; Type                                         ;
+----------------+-------------+----------------------------------------------+
; H_SYNC         ; 00001100000 ; Unsigned Binary                              ;
; H_BACK         ; 00000110000 ; Unsigned Binary                              ;
; H_DISP         ; 01010000000 ; Unsigned Binary                              ;
; H_FRONT        ; 00000010000 ; Unsigned Binary                              ;
; H_TOTAL        ; 01100100000 ; Unsigned Binary                              ;
; V_SYNC         ; 00000000010 ; Unsigned Binary                              ;
; V_BACK         ; 00000100001 ; Unsigned Binary                              ;
; V_DISP         ; 00111100000 ; Unsigned Binary                              ;
; V_FRONT        ; 00000001010 ; Unsigned Binary                              ;
; V_TOTAL        ; 01000001101 ; Unsigned Binary                              ;
+----------------+-------------+----------------------------------------------+
Note: In order to hide this table in the UI and the text report file, please set the "Show Parameter Settings in Synthesis Report" option in "Analysis and Synthesis Settings -> More Settings" to "Off".


+---------------------------------------------------------------------------------+
; altpll Parameter Settings by Entity Instance                                    ;
+-------------------------------+-------------------------------------------------+
; Name                          ; Value                                           ;
+-------------------------------+-------------------------------------------------+
; Number of entity instances    ; 2                                               ;
; Entity Instance               ; clk_pll_1:clk_gen_inst|altpll:altpll_component  ;
;     -- OPERATION_MODE         ; NO_COMPENSATION                                 ;
;     -- PLL_TYPE               ; Enhanced                                        ;
;     -- PRIMARY_CLOCK          ; INCLK0                                          ;
;     -- INCLK0_INPUT_FREQUENCY ; 20000                                           ;
;     -- INCLK1_INPUT_FREQUENCY ; 0                                               ;
;     -- VCO_MULTIPLY_BY        ; 0                                               ;
;     -- VCO_DIVIDE_BY          ; 0                                               ;
; Entity Instance               ; clk_pll_2:clk_gen_inst2|altpll:altpll_component ;
;     -- OPERATION_MODE         ; NO_COMPENSATION                                 ;
;     -- PLL_TYPE               ; Enhanced                                        ;
;     -- PRIMARY_CLOCK          ; INCLK0                                          ;
;     -- INCLK0_INPUT_FREQUENCY ; 20000                                           ;
;     -- INCLK1_INPUT_FREQUENCY ; 0                                               ;
;     -- VCO_MULTIPLY_BY        ; 0                                               ;
;     -- VCO_DIVIDE_BY          ; 0                                               ;
+-------------------------------+-------------------------------------------------+


+------------------------------------------------------------------------------------------------------------------------+
; dcfifo Parameter Settings by Entity Instance                                                                           ;
+----------------------------+-------------------------------------------------------------------------------------------+
; Name                       ; Value                                                                                     ;
+----------------------------+-------------------------------------------------------------------------------------------+
; Number of entity instances ; 2                                                                                         ;
; Entity Instance            ; sdram_top:sdram1_top_inst|sdram_fifo_ctrl:u_sdram_fifo_ctrl|wrFIFO:u_wrfifo|dcfifo:dcfifo ;
;     -- FIFO Type           ; Dual Clock                                                                                ;
;     -- LPM_WIDTH           ; 16                                                                                        ;
;     -- LPM_NUMWORDS        ; 2048                                                                                      ;
;     -- LPM_SHOWAHEAD       ; OFF                                                                                       ;
;     -- USE_EAB             ; ON                                                                                        ;
; Entity Instance            ; sdram_top:sdram1_top_inst|sdram_fifo_ctrl:u_sdram_fifo_ctrl|rdFIFO:u_rdfifo|dcfifo:dcfifo ;
;     -- FIFO Type           ; Dual Clock                                                                                ;
;     -- LPM_WIDTH           ; 16                                                                                        ;
;     -- LPM_NUMWORDS        ; 2048                                                                                      ;
;     -- LPM_SHOWAHEAD       ; OFF                                                                                       ;
;     -- USE_EAB             ; ON                                                                                        ;
+----------------------------+-------------------------------------------------------------------------------------------+


+-------------------------------------------------------------------------------------------------------------------------------------------------------------------------+
; scfifo Parameter Settings by Entity Instance                                                                                                                            ;
+----------------------------+--------------------------------------------------------------------------------------------------------------------------------------------+
; Name                       ; Value                                                                                                                                      ;
+----------------------------+--------------------------------------------------------------------------------------------------------------------------------------------+
; Number of entity instances ; 2                                                                                                                                          ;
; Entity Instance            ; sdram_top:sdram1_top_inst|sdram_fifo_ctrl:u_sdram_fifo_ctrl|wrFIFO:u_wrfifo|dcfifo:dcfifo|dcfifo_rll1:auto_generated|scfifo:output_channel ;
;     -- FIFO Type           ; Single Clock                                                                                                                               ;
;     -- lpm_width           ; 16                                                                                                                                         ;
;     -- LPM_NUMWORDS        ; 3                                                                                                                                          ;
;     -- LPM_SHOWAHEAD       ; OFF                                                                                                                                        ;
;     -- USE_EAB             ; OFF                                                                                                                                        ;
; Entity Instance            ; sdram_top:sdram1_top_inst|sdram_fifo_ctrl:u_sdram_fifo_ctrl|rdFIFO:u_rdfifo|dcfifo:dcfifo|dcfifo_eml1:auto_generated|scfifo:output_channel ;
;     -- FIFO Type           ; Single Clock                                                                                                                               ;
;     -- lpm_width           ; 16                                                                                                                                         ;
;     -- LPM_NUMWORDS        ; 3                                                                                                                                          ;
;     -- LPM_SHOWAHEAD       ; OFF                                                                                                                                        ;
;     -- USE_EAB             ; OFF                                                                                                                                        ;
+----------------------------+--------------------------------------------------------------------------------------------------------------------------------------------+


+----------------------------------------------------------------------------------------------------------------------+
; Port Connectivity Checks: "video_driver:video_driver_inst"                                                           ;
+------------+--------+----------+-------------------------------------------------------------------------------------+
; Port       ; Type   ; Severity ; Details                                                                             ;
+------------+--------+----------+-------------------------------------------------------------------------------------+
; pixel_xpos ; Output ; Info     ; Connected to dangling logic. Logic that only feeds a dangling port will be removed. ;
; pixel_ypos ; Output ; Info     ; Connected to dangling logic. Logic that only feeds a dangling port will be removed. ;
+------------+--------+----------+-------------------------------------------------------------------------------------+


+--------------------------------------------------------------------------------------------------------------------------------------------------------------+
; Port Connectivity Checks: "sdram_top:sdram1_top_inst|sdram_fifo_ctrl:u_sdram_fifo_ctrl|rdFIFO:u_rdfifo"                                                      ;
+---------+--------+----------+--------------------------------------------------------------------------------------------------------------------------------+
; Port    ; Type   ; Severity ; Details                                                                                                                        ;
+---------+--------+----------+--------------------------------------------------------------------------------------------------------------------------------+
; wrusedw ; Output ; Warning  ; Output or bidir port (11 bits) is wider than the port expression (10 bits) it drives; bit(s) "wrusedw[10..10]" have no fanouts ;
+---------+--------+----------+--------------------------------------------------------------------------------------------------------------------------------+


+--------------------------------------------------------------------------------------------------------------------------------------------------------------+
; Port Connectivity Checks: "sdram_top:sdram1_top_inst|sdram_fifo_ctrl:u_sdram_fifo_ctrl|wrFIFO:u_wrfifo"                                                      ;
+---------+--------+----------+--------------------------------------------------------------------------------------------------------------------------------+
; Port    ; Type   ; Severity ; Details                                                                                                                        ;
+---------+--------+----------+--------------------------------------------------------------------------------------------------------------------------------+
; rdusedw ; Output ; Warning  ; Output or bidir port (11 bits) is wider than the port expression (10 bits) it drives; bit(s) "rdusedw[10..10]" have no fanouts ;
+---------+--------+----------+--------------------------------------------------------------------------------------------------------------------------------+


+----------------------------------------------------------------------------------------------------------------------------------------------------+
; Port Connectivity Checks: "sdram_top:sdram1_top_inst"                                                                                              ;
+---------------------+--------+----------+----------------------------------------------------------------------------------------------------------+
; Port                ; Type   ; Severity ; Details                                                                                                  ;
+---------------------+--------+----------+----------------------------------------------------------------------------------------------------------+
; wr_min_addr         ; Input  ; Info     ; Stuck at GND                                                                                             ;
; wr_max_addr[13..12] ; Input  ; Info     ; Stuck at VCC                                                                                             ;
; wr_max_addr[23..19] ; Input  ; Info     ; Stuck at GND                                                                                             ;
; wr_max_addr[17..16] ; Input  ; Info     ; Stuck at GND                                                                                             ;
; wr_max_addr[11..0]  ; Input  ; Info     ; Stuck at GND                                                                                             ;
; wr_max_addr[18]     ; Input  ; Info     ; Stuck at VCC                                                                                             ;
; wr_max_addr[15]     ; Input  ; Info     ; Stuck at VCC                                                                                             ;
; wr_max_addr[14]     ; Input  ; Info     ; Stuck at GND                                                                                             ;
; wr_len[8..0]        ; Input  ; Info     ; Stuck at GND                                                                                             ;
; wr_len[9]           ; Input  ; Info     ; Stuck at VCC                                                                                             ;
; rd_min_addr         ; Input  ; Info     ; Stuck at GND                                                                                             ;
; rd_max_addr[13..12] ; Input  ; Info     ; Stuck at VCC                                                                                             ;
; rd_max_addr[23..19] ; Input  ; Info     ; Stuck at GND                                                                                             ;
; rd_max_addr[17..16] ; Input  ; Info     ; Stuck at GND                                                                                             ;
; rd_max_addr[11..0]  ; Input  ; Info     ; Stuck at GND                                                                                             ;
; rd_max_addr[18]     ; Input  ; Info     ; Stuck at VCC                                                                                             ;
; rd_max_addr[15]     ; Input  ; Info     ; Stuck at VCC                                                                                             ;
; rd_max_addr[14]     ; Input  ; Info     ; Stuck at GND                                                                                             ;
; rd_len[8..0]        ; Input  ; Info     ; Stuck at GND                                                                                             ;
; rd_len[9]           ; Input  ; Info     ; Stuck at VCC                                                                                             ;
; sdram_read_valid    ; Input  ; Info     ; Stuck at VCC                                                                                             ;
; sdram_pingpang_en   ; Input  ; Info     ; Stuck at VCC                                                                                             ;
; sdram_dqm           ; Output ; Warning  ; Declared by entity but not connected by instance. Logic that only feeds a dangling port will be removed. ;
+---------------------+--------+----------+----------------------------------------------------------------------------------------------------------+


+--------------------------------------------------------------------------------+
; Port Connectivity Checks: "ov5640_top:ov5640_top_inst|DVP_Capture:DVP_Capture" ;
+------------+--------+----------+-----------------------------------------------+
; Port       ; Type   ; Severity ; Details                                       ;
+------------+--------+----------+-----------------------------------------------+
; ImageState ; Output ; Info     ; Explicitly unconnected                        ;
+------------+--------+----------+-----------------------------------------------+


+-------------------------------------------------------------------------------+
; Port Connectivity Checks: "ov5640_top:ov5640_top_inst|i2c_ctrl:i2c_ctrl_inst" ;
+----------+--------+----------+------------------------------------------------+
; Port     ; Type   ; Severity ; Details                                        ;
+----------+--------+----------+------------------------------------------------+
; wr_en    ; Input  ; Info     ; Stuck at VCC                                   ;
; rd_en    ; Input  ; Info     ; Explicitly unconnected                         ;
; addr_num ; Input  ; Info     ; Stuck at VCC                                   ;
; rd_data  ; Output ; Info     ; Explicitly unconnected                         ;
+----------+--------+----------+------------------------------------------------+


+-------------------------------------------------------------------------------------------------------------------------+
; Port Connectivity Checks: "ov5640_top:ov5640_top_inst"                                                                  ;
+---------------+--------+----------+-------------------------------------------------------------------------------------+
; Port          ; Type   ; Severity ; Details                                                                             ;
+---------------+--------+----------+-------------------------------------------------------------------------------------+
; image_data_hs ; Output ; Info     ; Connected to dangling logic. Logic that only feeds a dangling port will be removed. ;
; image_data_vs ; Output ; Info     ; Connected to dangling logic. Logic that only feeds a dangling port will be removed. ;
; x_addr        ; Output ; Info     ; Connected to dangling logic. Logic that only feeds a dangling port will be removed. ;
; y_addr        ; Output ; Info     ; Connected to dangling logic. Logic that only feeds a dangling port will be removed. ;
+---------------+--------+----------+-------------------------------------------------------------------------------------+


+-------------------------------------------------------------------------------------------------------------------------------------------------------------------------------------+
; Port Connectivity Checks: "sil9134_dri:inst_sil9134_dri|i2c_dri:inst_i2c_sil9134_dri"                                                                                               ;
+------------+--------+----------+----------------------------------------------------------------------------------------------------------------------------------------------------+
; Port       ; Type   ; Severity ; Details                                                                                                                                            ;
+------------+--------+----------+----------------------------------------------------------------------------------------------------------------------------------------------------+
; bit_ctrl   ; Input  ; Info     ; Stuck at GND                                                                                                                                       ;
; i2c_addr   ; Input  ; Warning  ; Input port expression (8 bits) is smaller than the input port (16 bits) it drives.  Extra input bit(s) "i2c_addr[15..8]" will be connected to GND. ;
; i2c_data_r ; Output ; Info     ; Explicitly unconnected                                                                                                                             ;
; i2c_ack    ; Output ; Info     ; Explicitly unconnected                                                                                                                             ;
+------------+--------+----------+----------------------------------------------------------------------------------------------------------------------------------------------------+


+------------------------------------------------------------+
; Port Connectivity Checks: "sil9134_dri:inst_sil9134_dri"   ;
+---------------+--------+----------+------------------------+
; Port          ; Type   ; Severity ; Details                ;
+---------------+--------+----------+------------------------+
; hdmi_cfg_done ; Output ; Info     ; Explicitly unconnected ;
+---------------+--------+----------+------------------------+


+-------------------------------+
; Elapsed Time Per Partition    ;
+----------------+--------------+
; Partition Name ; Elapsed Time ;
+----------------+--------------+
; Top            ; 00:00:03     ;
+----------------+--------------+


+-------------------------------+
; Analysis & Synthesis Messages ;
+-------------------------------+
Info: *******************************************************************
Info: Running eLinx 64-Bit Analysis & Synthesis
    Info: Version 3.0 
    Info: Copyright (C) 2006-2024 eHiWay Corporation. All rights reserved.
    Info: Your use of eHiWay Corporation's design tools, logic functions 
    Info: and other software and tools, and its AMPP partner logic 
    Info: functions, and any output files from any of the foregoing 
    Info: (including device programming or simulation files), and any 
    Info: associated documentation or information are expressly subject 
    Info: to the terms and conditions of the eHiWay Program License 
    Info: Subscription Agreement, eHiWay MegaCore Function License 
    Info: Agreement, or other applicable license agreement, including, 
    Info: without limitation, that your use is for the sole purpose of 
    Info: programming logic devices manufactured by eHiWay and sold by 
    Info: eHiWay or its authorized distributors.  Please refer to the 
    Info: applicable agreement for further details.
    Info: Processing started: Fri Jul 31 10:47:19 2026
Info: Command: ehiway_map --read_settings_files=on --write_settings_files=off ov5640_hdmi_640x480
Info (11104): Parallel Compilation has detected 20 hyper-threaded processors. However, the extra hyper-threaded processors will not be used by default. Parallel Compilation will use 14 of the 14 physical processors detected instead.
Info (12021): Found 1 design units, including 1 entities, in source file ov5640_hdmi_640x480.srcs/sources_1/new/sil9134_hdmi/i2c_sil9134_hdmi_cfg.v
    Info (12023): Found entity 1: i2c_sil9134_hdmi_cfg
Info (12021): Found 0 design units, including 0 entities, in source file ov5640_hdmi_640x480.srcs/sources_1/new/sdram/sdram_para.v
Info (12021): Found 1 design units, including 1 entities, in source file ov5640_hdmi_640x480.srcs/sources_1/ip/clk_pll_1/clk_pll_1.v
    Info (12023): Found entity 1: clk_pll_1
Info (12021): Found 1 design units, including 1 entities, in source file ov5640_hdmi_640x480.srcs/sources_1/new/sil9134_hdmi/sil9134_dri.v
    Info (12023): Found entity 1: sil9134_dri
Info (12021): Found 1 design units, including 1 entities, in source file ov5640_hdmi_640x480.srcs/sources_1/new/sil9134_hdmi/i2c_dri.v
    Info (12023): Found entity 1: i2c_dri
Info (12021): Found 1 design units, including 1 entities, in source file ov5640_hdmi_640x480.srcs/sources_1/new/ov5640_init/ov5640_cfg.v
    Info (12023): Found entity 1: ov5640_cfg
Info (12021): Found 1 design units, including 1 entities, in source file ov5640_hdmi_640x480.srcs/sources_1/new/ov5640_init/ov5640_top.v
    Info (12023): Found entity 1: ov5640_top
Info (12021): Found 1 design units, including 1 entities, in source file ov5640_hdmi_640x480.srcs/sources_1/new/sdram/sdram_controller.v
    Info (12023): Found entity 1: sdram_controller
Info (12021): Found 1 design units, including 1 entities, in source file ov5640_hdmi_640x480.srcs/sources_1/new/ov5640_init/dvp_capture.v
    Info (12023): Found entity 1: DVP_Capture
Info (12021): Found 1 design units, including 1 entities, in source file ov5640_hdmi_640x480.srcs/sources_1/new/sdram/sdram_data.v
    Info (12023): Found entity 1: sdram_data
Info (12021): Found 2 design units, including 2 entities, in source file /program files (x86)/ehiway/elinx3.0/bin/ip/gui/temp/ov5640_hdmi_640x480/rdfifo/dcfifo_mixed_inst.v
    Info (12023): Found entity 1: dcfifo_mixed_inst
    Info (12023): Found entity 2: dcfifo_inst
Info (12021): Found 1 design units, including 1 entities, in source file ov5640_hdmi_640x480.srcs/sources_1/new/ov5640_init/i2c_ctrl.v
    Info (12023): Found entity 1: i2c_ctrl
Info (12021): Found 1 design units, including 1 entities, in source file ov5640_hdmi_640x480.srcs/sources_1/new/ov5640_hdmi_top.v
    Info (12023): Found entity 1: ov5640_hdmi_top
Info (12021): Found 1 design units, including 1 entities, in source file ov5640_hdmi_640x480.srcs/sources_1/ip/rdfifo/rdfifo.v
    Info (12023): Found entity 1: rdFIFO
Info (12021): Found 1 design units, including 1 entities, in source file ov5640_hdmi_640x480.srcs/sources_1/new/sdram/sdram_top.v
    Info (12023): Found entity 1: sdram_top
Info (12021): Found 1 design units, including 1 entities, in source file ov5640_hdmi_640x480.srcs/sources_1/ip/wrfifo/wrfifo.v
    Info (12023): Found entity 1: wrFIFO
Info (12021): Found 1 design units, including 1 entities, in source file ov5640_hdmi_640x480.srcs/sources_1/ip/clk_pll_2/clk_pll_2.v
    Info (12023): Found entity 1: clk_pll_2
Info (12021): Found 1 design units, including 1 entities, in source file ov5640_hdmi_640x480.srcs/sources_1/new/sdram/sdram_ctrl.v
    Info (12023): Found entity 1: sdram_ctrl
Info (12021): Found 1 design units, including 1 entities, in source file ov5640_hdmi_640x480.srcs/sources_1/new/sdram/sdram_cmd.v
    Info (12023): Found entity 1: sdram_cmd
Info (12021): Found 1 design units, including 1 entities, in source file ov5640_hdmi_640x480.srcs/sources_1/new/video_driver.v
    Info (12023): Found entity 1: video_driver
Info (12021): Found 1 design units, including 1 entities, in source file ov5640_hdmi_640x480.srcs/sources_1/new/sdram/sdram_fifo_ctrl.v
    Info (12023): Found entity 1: sdram_fifo_ctrl
Warning (10236): Verilog HDL Implicit Net warning at ov5640_hdmi_top.v(90): created implicit net for "locked"
Warning (10236): Verilog HDL Implicit Net warning at ov5640_hdmi_top.v(107): created implicit net for "clk_sdram_rd"
Warning (10222): Verilog HDL Parameter Declaration warning at i2c_ctrl.v(28): Parameter Declaration in module "i2c_ctrl" behaves as a Local Parameter Declaration because the module has a Module Parameter Port List
Warning (10222): Verilog HDL Parameter Declaration warning at i2c_ctrl.v(30): Parameter Declaration in module "i2c_ctrl" behaves as a Local Parameter Declaration because the module has a Module Parameter Port List
Warning (10222): Verilog HDL Parameter Declaration warning at i2c_ctrl.v(47): Parameter Declaration in module "i2c_ctrl" behaves as a Local Parameter Declaration because the module has a Module Parameter Port List
Info (12127): Elaborating entity "ov5640_hdmi_top" for the top level hierarchy
Info (12128): Elaborating entity "clk_pll_1" for hierarchy "clk_pll_1:clk_gen_inst"
Info (12128): Elaborating entity "altpll" for hierarchy "clk_pll_1:clk_gen_inst|altpll:altpll_component"
Warning (287013): Variable or input pin "configupdate" is defined but never used.
Info (12130): Elaborated megafunction instantiation "clk_pll_1:clk_gen_inst|altpll:altpll_component"
Info (12133): Instantiated megafunction "clk_pll_1:clk_gen_inst|altpll:altpll_component" with the following parameter:
    Info (12134): Parameter "clk0_divide_by" = "14"
    Info (12134): Parameter "clk0_duty_cycle" = "50"
    Info (12134): Parameter "clk0_multiply_by" = "28"
    Info (12134): Parameter "clk0_phase_shift" = "0"
    Info (12134): Parameter "clk1_divide_by" = "14"
    Info (12134): Parameter "clk1_duty_cycle" = "50"
    Info (12134): Parameter "clk1_multiply_by" = "28"
    Info (12134): Parameter "clk1_phase_shift" = "0"
    Info (12134): Parameter "clk2_divide_by" = "56"
    Info (12134): Parameter "clk2_duty_cycle" = "50"
    Info (12134): Parameter "clk2_multiply_by" = "28"
    Info (12134): Parameter "clk2_phase_shift" = "10000"
    Info (12134): Parameter "clk3_divide_by" = "56"
    Info (12134): Parameter "clk3_duty_cycle" = "50"
    Info (12134): Parameter "clk3_multiply_by" = "28"
    Info (12134): Parameter "clk3_phase_shift" = "30000"
    Info (12134): Parameter "clk5_divide_by" = "28"
    Info (12134): Parameter "clk5_duty_cycle" = "50"
    Info (12134): Parameter "clk5_multiply_by" = "28"
    Info (12134): Parameter "clk5_phase_shift" = "0"
    Info (12134): Parameter "inclk0_input_frequency" = "20000"
    Info (12134): Parameter "operation_mode" = "NO_COMPENSATION"
    Info (12134): Parameter "port_pllena" = "PORT_UNUSED"
    Info (12134): Parameter "port_pfdena" = "PORT_UNUSED"
    Info (12134): Parameter "port_areset" = "PORT_USED"
    Info (12134): Parameter "port_locked" = "PORT_USED"
    Info (12134): Parameter "invalid_lock_multiplier" = "5"
    Info (12134): Parameter "valid_lock_multiplier" = "1"
    Info (12134): Parameter "port_clk0" = "PORT_USED"
    Info (12134): Parameter "port_clk1" = "PORT_USED"
    Info (12134): Parameter "port_clk2" = "PORT_USED"
    Info (12134): Parameter "port_clk3" = "PORT_USED"
    Info (12134): Parameter "port_clk4" = "PORT_UNUSED"
    Info (12134): Parameter "port_clk5" = "PORT_USED"
    Info (12134): Parameter "port_extclk0" = "PORT_UNUSED"
    Info (12134): Parameter "intended_device_family" = "eHiChip6"
    Info (12134): Parameter "lpm_type" = "altpll"
    Info (12134): Parameter "pll_type" = "Enhanced"
    Info (12134): Parameter "port_activeclock" = "PORT_UNUSED"
    Info (12134): Parameter "port_clkbad0" = "PORT_UNUSED"
    Info (12134): Parameter "port_clkbad1" = "PORT_UNUSED"
    Info (12134): Parameter "port_clkloss" = "PORT_UNUSED"
    Info (12134): Parameter "port_clkswitch" = "PORT_UNUSED"
    Info (12134): Parameter "port_fbin" = "PORT_UNUSED"
    Info (12134): Parameter "port_inclk0" = "PORT_USED"
    Info (12134): Parameter "port_inclk1" = "PORT_UNUSED"
    Info (12134): Parameter "port_phasecounterselect" = "PORT_UNUSED"
    Info (12134): Parameter "port_phasedone" = "PORT_UNUSED"
    Info (12134): Parameter "port_phasestep" = "PORT_UNUSED"
    Info (12134): Parameter "port_phaseupdown" = "PORT_UNUSED"
    Info (12134): Parameter "port_scanaclr" = "PORT_UNUSED"
    Info (12134): Parameter "port_scanclk" = "PORT_UNUSED"
    Info (12134): Parameter "port_scanclkena" = "PORT_UNUSED"
    Info (12134): Parameter "port_scandata" = "PORT_UNUSED"
    Info (12134): Parameter "port_scandataout" = "PORT_UNUSED"
    Info (12134): Parameter "port_scandone" = "PORT_UNUSED"
    Info (12134): Parameter "port_scanread" = "PORT_UNUSED"
    Info (12134): Parameter "port_scanwrite" = "PORT_UNUSED"
    Info (12134): Parameter "port_clkena0" = "PORT_UNUSED"
    Info (12134): Parameter "port_clkena1" = "PORT_UNUSED"
    Info (12134): Parameter "port_clkena2" = "PORT_UNUSED"
    Info (12134): Parameter "port_clkena3" = "PORT_UNUSED"
    Info (12134): Parameter "port_clkena4" = "PORT_UNUSED"
    Info (12134): Parameter "port_clkena5" = "PORT_UNUSED"
    Info (12134): Parameter "port_extclk1" = "PORT_UNUSED"
    Info (12134): Parameter "port_extclk2" = "PORT_UNUSED"
    Info (12134): Parameter "port_extclk3" = "PORT_UNUSED"
Info (12128): Elaborating entity "clk_pll_2" for hierarchy "clk_pll_2:clk_gen_inst2"
Info (12128): Elaborating entity "altpll" for hierarchy "clk_pll_2:clk_gen_inst2|altpll:altpll_component"
Warning (287013): Variable or input pin "configupdate" is defined but never used.
Info (12130): Elaborated megafunction instantiation "clk_pll_2:clk_gen_inst2|altpll:altpll_component"
Info (12133): Instantiated megafunction "clk_pll_2:clk_gen_inst2|altpll:altpll_component" with the following parameter:
    Info (12134): Parameter "clk0_divide_by" = "48"
    Info (12134): Parameter "clk0_duty_cycle" = "50"
    Info (12134): Parameter "clk0_multiply_by" = "24"
    Info (12134): Parameter "clk0_phase_shift" = "0"
    Info (12134): Parameter "clk1_divide_by" = "50"
    Info (12134): Parameter "clk1_duty_cycle" = "50"
    Info (12134): Parameter "clk1_multiply_by" = "24"
    Info (12134): Parameter "clk1_phase_shift" = "0"
    Info (12134): Parameter "clk5_divide_by" = "24"
    Info (12134): Parameter "clk5_duty_cycle" = "50"
    Info (12134): Parameter "clk5_multiply_by" = "24"
    Info (12134): Parameter "clk5_phase_shift" = "0"
    Info (12134): Parameter "inclk0_input_frequency" = "20000"
    Info (12134): Parameter "operation_mode" = "NO_COMPENSATION"
    Info (12134): Parameter "port_pllena" = "PORT_UNUSED"
    Info (12134): Parameter "port_pfdena" = "PORT_UNUSED"
    Info (12134): Parameter "port_areset" = "PORT_USED"
    Info (12134): Parameter "port_locked" = "PORT_USED"
    Info (12134): Parameter "invalid_lock_multiplier" = "5"
    Info (12134): Parameter "valid_lock_multiplier" = "1"
    Info (12134): Parameter "port_clk0" = "PORT_USED"
    Info (12134): Parameter "port_clk1" = "PORT_USED"
    Info (12134): Parameter "port_clk2" = "PORT_UNUSED"
    Info (12134): Parameter "port_clk3" = "PORT_UNUSED"
    Info (12134): Parameter "port_clk4" = "PORT_UNUSED"
    Info (12134): Parameter "port_clk5" = "PORT_USED"
    Info (12134): Parameter "port_extclk0" = "PORT_UNUSED"
    Info (12134): Parameter "intended_device_family" = "eHiChip6"
    Info (12134): Parameter "lpm_type" = "altpll"
    Info (12134): Parameter "pll_type" = "Enhanced"
    Info (12134): Parameter "port_activeclock" = "PORT_UNUSED"
    Info (12134): Parameter "port_clkbad0" = "PORT_UNUSED"
    Info (12134): Parameter "port_clkbad1" = "PORT_UNUSED"
    Info (12134): Parameter "port_clkloss" = "PORT_UNUSED"
    Info (12134): Parameter "port_clkswitch" = "PORT_UNUSED"
    Info (12134): Parameter "port_fbin" = "PORT_UNUSED"
    Info (12134): Parameter "port_inclk0" = "PORT_USED"
    Info (12134): Parameter "port_inclk1" = "PORT_UNUSED"
    Info (12134): Parameter "port_phasecounterselect" = "PORT_UNUSED"
    Info (12134): Parameter "port_phasedone" = "PORT_UNUSED"
    Info (12134): Parameter "port_phasestep" = "PORT_UNUSED"
    Info (12134): Parameter "port_phaseupdown" = "PORT_UNUSED"
    Info (12134): Parameter "port_scanaclr" = "PORT_UNUSED"
    Info (12134): Parameter "port_scanclk" = "PORT_UNUSED"
    Info (12134): Parameter "port_scanclkena" = "PORT_UNUSED"
    Info (12134): Parameter "port_scandata" = "PORT_UNUSED"
    Info (12134): Parameter "port_scandataout" = "PORT_UNUSED"
    Info (12134): Parameter "port_scandone" = "PORT_UNUSED"
    Info (12134): Parameter "port_scanread" = "PORT_UNUSED"
    Info (12134): Parameter "port_scanwrite" = "PORT_UNUSED"
    Info (12134): Parameter "port_clkena0" = "PORT_UNUSED"
    Info (12134): Parameter "port_clkena1" = "PORT_UNUSED"
    Info (12134): Parameter "port_clkena2" = "PORT_UNUSED"
    Info (12134): Parameter "port_clkena3" = "PORT_UNUSED"
    Info (12134): Parameter "port_clkena4" = "PORT_UNUSED"
    Info (12134): Parameter "port_clkena5" = "PORT_UNUSED"
    Info (12134): Parameter "port_extclk1" = "PORT_UNUSED"
    Info (12134): Parameter "port_extclk2" = "PORT_UNUSED"
    Info (12134): Parameter "port_extclk3" = "PORT_UNUSED"
Info (12128): Elaborating entity "sil9134_dri" for hierarchy "sil9134_dri:inst_sil9134_dri"
Info (12128): Elaborating entity "i2c_dri" for hierarchy "sil9134_dri:inst_sil9134_dri|i2c_dri:inst_i2c_sil9134_dri"
Warning (10230): Verilog HDL assignment warning at i2c_dri.v(70): truncated value with size 27 to match size of target (9)
Info (12128): Elaborating entity "i2c_sil9134_hdmi_cfg" for hierarchy "sil9134_dri:inst_sil9134_dri|i2c_sil9134_hdmi_cfg:inst_i2c_sil9134_hdmi_cfg"
Warning (10230): Verilog HDL assignment warning at i2c_sil9134_hdmi_cfg.v(35): truncated value with size 13 to match size of target (10)
Info (12128): Elaborating entity "ov5640_top" for hierarchy "ov5640_top:ov5640_top_inst"
Info (12128): Elaborating entity "i2c_ctrl" for hierarchy "ov5640_top:ov5640_top_inst|i2c_ctrl:i2c_ctrl_inst"
Info (10264): Verilog HDL Case Statement information at i2c_ctrl.v(213): all case item expressions in this case statement are onehot
Warning (10240): Verilog HDL Always Construct warning at i2c_ctrl.v(213): inferring latch(es) for variable "ack", which holds its previous value in one or more paths through the always construct
Warning (10027): Verilog HDL or VHDL warning at the i2c_ctrl.v(274): index expression is not wide enough to address all of the elements in the array
Warning (10240): Verilog HDL Always Construct warning at i2c_ctrl.v(251): inferring latch(es) for variable "i2c_sda_reg", which holds its previous value in one or more paths through the always construct
Warning (10240): Verilog HDL Always Construct warning at i2c_ctrl.v(251): inferring latch(es) for variable "rd_data_reg", which holds its previous value in one or more paths through the always construct
Info (10041): Inferred latch for "rd_data_reg[0]" at i2c_ctrl.v(251)
Info (10041): Inferred latch for "rd_data_reg[1]" at i2c_ctrl.v(251)
Info (10041): Inferred latch for "rd_data_reg[2]" at i2c_ctrl.v(251)
Info (10041): Inferred latch for "rd_data_reg[3]" at i2c_ctrl.v(251)
Info (10041): Inferred latch for "rd_data_reg[4]" at i2c_ctrl.v(251)
Info (10041): Inferred latch for "rd_data_reg[5]" at i2c_ctrl.v(251)
Info (10041): Inferred latch for "rd_data_reg[6]" at i2c_ctrl.v(251)
Info (10041): Inferred latch for "rd_data_reg[7]" at i2c_ctrl.v(251)
Info (10041): Inferred latch for "i2c_sda_reg" at i2c_ctrl.v(251)
Info (10041): Inferred latch for "ack" at i2c_ctrl.v(213)
Info (12128): Elaborating entity "ov5640_cfg" for hierarchy "ov5640_top:ov5640_top_inst|ov5640_cfg:ov5640_cfg_inst"
Info (12128): Elaborating entity "DVP_Capture" for hierarchy "ov5640_top:ov5640_top_inst|DVP_Capture:DVP_Capture"
Info (12128): Elaborating entity "sdram_top" for hierarchy "sdram_top:sdram1_top_inst"
Info (12128): Elaborating entity "sdram_fifo_ctrl" for hierarchy "sdram_top:sdram1_top_inst|sdram_fifo_ctrl:u_sdram_fifo_ctrl"
Info (12128): Elaborating entity "wrFIFO" for hierarchy "sdram_top:sdram1_top_inst|sdram_fifo_ctrl:u_sdram_fifo_ctrl|wrFIFO:u_wrfifo"
Info (12128): Elaborating entity "dcfifo" for hierarchy "sdram_top:sdram1_top_inst|sdram_fifo_ctrl:u_sdram_fifo_ctrl|wrFIFO:u_wrfifo|dcfifo:dcfifo"
Info (12130): Elaborated megafunction instantiation "sdram_top:sdram1_top_inst|sdram_fifo_ctrl:u_sdram_fifo_ctrl|wrFIFO:u_wrfifo|dcfifo:dcfifo"
Info (12133): Instantiated megafunction "sdram_top:sdram1_top_inst|sdram_fifo_ctrl:u_sdram_fifo_ctrl|wrFIFO:u_wrfifo|dcfifo:dcfifo" with the following parameter:
    Info (12134): Parameter "add_ram_output_register" = "ON"
    Info (12134): Parameter "clocks_are_synchronized" = "FALSE"
    Info (12134): Parameter "intended_device_family" = "eHiChip6"
    Info (12134): Parameter "lpm_hint" = "RAM_BLOCK_TYPE=M4K"
    Info (12134): Parameter "lpm_numwords" = "2048"
    Info (12134): Parameter "lpm_showahead" = "OFF"
    Info (12134): Parameter "lpm_type" = "dcfifo"
    Info (12134): Parameter "lpm_width" = "16"
    Info (12134): Parameter "lpm_widthu" = "11"
    Info (12134): Parameter "overflow_checking" = "ON"
    Info (12134): Parameter "underflow_checking" = "ON"
    Info (12134): Parameter "use_eab" = "ON"
Info (12021): Found 1 design units, including 1 entities, in source file db/dcfifo_rll1.tdf
    Info (12023): Found entity 1: dcfifo_rll1
Info (12128): Elaborating entity "dcfifo_rll1" for hierarchy "sdram_top:sdram1_top_inst|sdram_fifo_ctrl:u_sdram_fifo_ctrl|wrFIFO:u_wrfifo|dcfifo:dcfifo|dcfifo_rll1:auto_generated"
Info (12021): Found 1 design units, including 1 entities, in source file db/a_gray2bin_07b.tdf
    Info (12023): Found entity 1: a_gray2bin_07b
Info (12128): Elaborating entity "a_gray2bin_07b" for hierarchy "sdram_top:sdram1_top_inst|sdram_fifo_ctrl:u_sdram_fifo_ctrl|wrFIFO:u_wrfifo|dcfifo:dcfifo|dcfifo_rll1:auto_generated|a_gray2bin_07b:read_side_gray_converter"
Info (12021): Found 1 design units, including 1 entities, in source file db/a_graycounter_u26.tdf
    Info (12023): Found entity 1: a_graycounter_u26
Info (12128): Elaborating entity "a_graycounter_u26" for hierarchy "sdram_top:sdram1_top_inst|sdram_fifo_ctrl:u_sdram_fifo_ctrl|wrFIFO:u_wrfifo|dcfifo:dcfifo|dcfifo_rll1:auto_generated|a_graycounter_u26:rdptr_g"
Info (12021): Found 1 design units, including 1 entities, in source file db/a_graycounter_v26.tdf
    Info (12023): Found entity 1: a_graycounter_v26
Info (12128): Elaborating entity "a_graycounter_v26" for hierarchy "sdram_top:sdram1_top_inst|sdram_fifo_ctrl:u_sdram_fifo_ctrl|wrFIFO:u_wrfifo|dcfifo:dcfifo|dcfifo_rll1:auto_generated|a_graycounter_v26:read_counter_for_write"
Info (12021): Found 1 design units, including 1 entities, in source file db/altsyncram_u861.tdf
    Info (12023): Found entity 1: altsyncram_u861
Info (12128): Elaborating entity "altsyncram_u861" for hierarchy "sdram_top:sdram1_top_inst|sdram_fifo_ctrl:u_sdram_fifo_ctrl|wrFIFO:u_wrfifo|dcfifo:dcfifo|dcfifo_rll1:auto_generated|altsyncram_u861:fifo_ram"
Info (12021): Found 1 design units, including 1 entities, in source file db/alt_synch_pipe_1e8.tdf
    Info (12023): Found entity 1: alt_synch_pipe_1e8
Info (12128): Elaborating entity "alt_synch_pipe_1e8" for hierarchy "sdram_top:sdram1_top_inst|sdram_fifo_ctrl:u_sdram_fifo_ctrl|wrFIFO:u_wrfifo|dcfifo:dcfifo|dcfifo_rll1:auto_generated|alt_synch_pipe_1e8:read_sync_registers"
Info (12021): Found 1 design units, including 1 entities, in source file db/dffpipe_re9.tdf
    Info (12023): Found entity 1: dffpipe_re9
Info (12128): Elaborating entity "dffpipe_re9" for hierarchy "sdram_top:sdram1_top_inst|sdram_fifo_ctrl:u_sdram_fifo_ctrl|wrFIFO:u_wrfifo|dcfifo:dcfifo|dcfifo_rll1:auto_generated|alt_synch_pipe_1e8:read_sync_registers|dffpipe_re9:dffpipe18"
Info (12021): Found 1 design units, including 1 entities, in source file db/alt_synch_pipe_2e8.tdf
    Info (12023): Found entity 1: alt_synch_pipe_2e8
Info (12128): Elaborating entity "alt_synch_pipe_2e8" for hierarchy "sdram_top:sdram1_top_inst|sdram_fifo_ctrl:u_sdram_fifo_ctrl|wrFIFO:u_wrfifo|dcfifo:dcfifo|dcfifo_rll1:auto_generated|alt_synch_pipe_2e8:write_sync_registers"
Info (12021): Found 1 design units, including 1 entities, in source file db/dffpipe_se9.tdf
    Info (12023): Found entity 1: dffpipe_se9
Info (12128): Elaborating entity "dffpipe_se9" for hierarchy "sdram_top:sdram1_top_inst|sdram_fifo_ctrl:u_sdram_fifo_ctrl|wrFIFO:u_wrfifo|dcfifo:dcfifo|dcfifo_rll1:auto_generated|alt_synch_pipe_2e8:write_sync_registers|dffpipe_se9:dffpipe22"
Info (12021): Found 1 design units, including 1 entities, in source file db/add_sub_m0c.tdf
    Info (12023): Found entity 1: add_sub_m0c
Info (12128): Elaborating entity "add_sub_m0c" for hierarchy "sdram_top:sdram1_top_inst|sdram_fifo_ctrl:u_sdram_fifo_ctrl|wrFIFO:u_wrfifo|dcfifo:dcfifo|dcfifo_rll1:auto_generated|add_sub_m0c:rdusedw_subtractor"
Info (12021): Found 1 design units, including 1 entities, in source file db/cmpr_ms5.tdf
    Info (12023): Found entity 1: cmpr_ms5
Info (12128): Elaborating entity "cmpr_ms5" for hierarchy "sdram_top:sdram1_top_inst|sdram_fifo_ctrl:u_sdram_fifo_ctrl|wrFIFO:u_wrfifo|dcfifo:dcfifo|dcfifo_rll1:auto_generated|cmpr_ms5:address_comparer"
Info (12021): Found 1 design units, including 1 entities, in source file db/cmpr_ti8.tdf
    Info (12023): Found entity 1: cmpr_ti8
Info (12128): Elaborating entity "cmpr_ti8" for hierarchy "sdram_top:sdram1_top_inst|sdram_fifo_ctrl:u_sdram_fifo_ctrl|wrFIFO:u_wrfifo|dcfifo:dcfifo|dcfifo_rll1:auto_generated|cmpr_ti8:wrempty_comparison"
Info (12021): Found 1 design units, including 1 entities, in source file db/cntr_cva.tdf
    Info (12023): Found entity 1: cntr_cva
Info (12128): Elaborating entity "cntr_cva" for hierarchy "sdram_top:sdram1_top_inst|sdram_fifo_ctrl:u_sdram_fifo_ctrl|wrFIFO:u_wrfifo|dcfifo:dcfifo|dcfifo_rll1:auto_generated|cntr_cva:rdptr_b"
Info (12128): Elaborating entity "scfifo" for hierarchy "sdram_top:sdram1_top_inst|sdram_fifo_ctrl:u_sdram_fifo_ctrl|wrFIFO:u_wrfifo|dcfifo:dcfifo|dcfifo_rll1:auto_generated|scfifo:output_channel"
Info (12130): Elaborated megafunction instantiation "sdram_top:sdram1_top_inst|sdram_fifo_ctrl:u_sdram_fifo_ctrl|wrFIFO:u_wrfifo|dcfifo:dcfifo|dcfifo_rll1:auto_generated|scfifo:output_channel"
Info (12133): Instantiated megafunction "sdram_top:sdram1_top_inst|sdram_fifo_ctrl:u_sdram_fifo_ctrl|wrFIFO:u_wrfifo|dcfifo:dcfifo|dcfifo_rll1:auto_generated|scfifo:output_channel" with the following parameter:
    Info (12134): Parameter "ADD_RAM_OUTPUT_REGISTER" = "ON"
    Info (12134): Parameter "LPM_NUMWORDS" = "3"
    Info (12134): Parameter "LPM_SHOWAHEAD" = "OFF"
    Info (12134): Parameter "LPM_WIDTH" = "16"
    Info (12134): Parameter "LPM_WIDTHU" = "2"
    Info (12134): Parameter "OVERFLOW_CHECKING" = "ON"
    Info (12134): Parameter "UNDERFLOW_CHECKING" = "ON"
    Info (12134): Parameter "USE_EAB" = "OFF"
Info (12128): Elaborating entity "a_fffifo" for hierarchy "sdram_top:sdram1_top_inst|sdram_fifo_ctrl:u_sdram_fifo_ctrl|wrFIFO:u_wrfifo|dcfifo:dcfifo|dcfifo_rll1:auto_generated|scfifo:output_channel|a_fffifo:subfifo"
Info (12131): Elaborated megafunction instantiation "sdram_top:sdram1_top_inst|sdram_fifo_ctrl:u_sdram_fifo_ctrl|wrFIFO:u_wrfifo|dcfifo:dcfifo|dcfifo_rll1:auto_generated|scfifo:output_channel|a_fffifo:subfifo", which is child of megafunction instantiation "sdram_top:sdram1_top_inst|sdram_fifo_ctrl:u_sdram_fifo_ctrl|wrFIFO:u_wrfifo|dcfifo:dcfifo|dcfifo_rll1:auto_generated|scfifo:output_channel"
Info (12128): Elaborating entity "lpm_ff" for hierarchy "sdram_top:sdram1_top_inst|sdram_fifo_ctrl:u_sdram_fifo_ctrl|wrFIFO:u_wrfifo|dcfifo:dcfifo|dcfifo_rll1:auto_generated|scfifo:output_channel|a_fffifo:subfifo|lpm_ff:data_node[0][1]"
Info (12131): Elaborated megafunction instantiation "sdram_top:sdram1_top_inst|sdram_fifo_ctrl:u_sdram_fifo_ctrl|wrFIFO:u_wrfifo|dcfifo:dcfifo|dcfifo_rll1:auto_generated|scfifo:output_channel|a_fffifo:subfifo|lpm_ff:data_node[0][1]", which is child of megafunction instantiation "sdram_top:sdram1_top_inst|sdram_fifo_ctrl:u_sdram_fifo_ctrl|wrFIFO:u_wrfifo|dcfifo:dcfifo|dcfifo_rll1:auto_generated|scfifo:output_channel"
Info (12128): Elaborating entity "lpm_mux" for hierarchy "sdram_top:sdram1_top_inst|sdram_fifo_ctrl:u_sdram_fifo_ctrl|wrFIFO:u_wrfifo|dcfifo:dcfifo|dcfifo_rll1:auto_generated|scfifo:output_channel|a_fffifo:subfifo|lpm_mux:row_data_out_mux[0]"
Info (12131): Elaborated megafunction instantiation "sdram_top:sdram1_top_inst|sdram_fifo_ctrl:u_sdram_fifo_ctrl|wrFIFO:u_wrfifo|dcfifo:dcfifo|dcfifo_rll1:auto_generated|scfifo:output_channel|a_fffifo:subfifo|lpm_mux:row_data_out_mux[0]", which is child of megafunction instantiation "sdram_top:sdram1_top_inst|sdram_fifo_ctrl:u_sdram_fifo_ctrl|wrFIFO:u_wrfifo|dcfifo:dcfifo|dcfifo_rll1:auto_generated|scfifo:output_channel"
Info (12021): Found 1 design units, including 1 entities, in source file db/mux_rhc.tdf
    Info (12023): Found entity 1: mux_rhc
Info (12128): Elaborating entity "mux_rhc" for hierarchy "sdram_top:sdram1_top_inst|sdram_fifo_ctrl:u_sdram_fifo_ctrl|wrFIFO:u_wrfifo|dcfifo:dcfifo|dcfifo_rll1:auto_generated|scfifo:output_channel|a_fffifo:subfifo|lpm_mux:row_data_out_mux[0]|mux_rhc:auto_generated"
Info (12128): Elaborating entity "lpm_counter" for hierarchy "sdram_top:sdram1_top_inst|sdram_fifo_ctrl:u_sdram_fifo_ctrl|wrFIFO:u_wrfifo|dcfifo:dcfifo|dcfifo_rll1:auto_generated|scfifo:output_channel|a_fffifo:subfifo|lpm_counter:rd_ptr"
Info (12131): Elaborated megafunction instantiation "sdram_top:sdram1_top_inst|sdram_fifo_ctrl:u_sdram_fifo_ctrl|wrFIFO:u_wrfifo|dcfifo:dcfifo|dcfifo_rll1:auto_generated|scfifo:output_channel|a_fffifo:subfifo|lpm_counter:rd_ptr", which is child of megafunction instantiation "sdram_top:sdram1_top_inst|sdram_fifo_ctrl:u_sdram_fifo_ctrl|wrFIFO:u_wrfifo|dcfifo:dcfifo|dcfifo_rll1:auto_generated|scfifo:output_channel"
Info (12021): Found 1 design units, including 1 entities, in source file db/cntr_qve.tdf
    Info (12023): Found entity 1: cntr_qve
Info (12128): Elaborating entity "cntr_qve" for hierarchy "sdram_top:sdram1_top_inst|sdram_fifo_ctrl:u_sdram_fifo_ctrl|wrFIFO:u_wrfifo|dcfifo:dcfifo|dcfifo_rll1:auto_generated|scfifo:output_channel|a_fffifo:subfifo|lpm_counter:rd_ptr|cntr_qve:auto_generated"
Info (12128): Elaborating entity "a_fefifo" for hierarchy "sdram_top:sdram1_top_inst|sdram_fifo_ctrl:u_sdram_fifo_ctrl|wrFIFO:u_wrfifo|dcfifo:dcfifo|dcfifo_rll1:auto_generated|scfifo:output_channel|a_fffifo:subfifo|a_fefifo:fifo_state"
Info (12131): Elaborated megafunction instantiation "sdram_top:sdram1_top_inst|sdram_fifo_ctrl:u_sdram_fifo_ctrl|wrFIFO:u_wrfifo|dcfifo:dcfifo|dcfifo_rll1:auto_generated|scfifo:output_channel|a_fffifo:subfifo|a_fefifo:fifo_state", which is child of megafunction instantiation "sdram_top:sdram1_top_inst|sdram_fifo_ctrl:u_sdram_fifo_ctrl|wrFIFO:u_wrfifo|dcfifo:dcfifo|dcfifo_rll1:auto_generated|scfifo:output_channel"
Info (12128): Elaborating entity "lpm_compare" for hierarchy "sdram_top:sdram1_top_inst|sdram_fifo_ctrl:u_sdram_fifo_ctrl|wrFIFO:u_wrfifo|dcfifo:dcfifo|dcfifo_rll1:auto_generated|scfifo:output_channel|a_fffifo:subfifo|a_fefifo:fifo_state|lpm_compare:is_almost_empty_compare"
Info (12131): Elaborated megafunction instantiation "sdram_top:sdram1_top_inst|sdram_fifo_ctrl:u_sdram_fifo_ctrl|wrFIFO:u_wrfifo|dcfifo:dcfifo|dcfifo_rll1:auto_generated|scfifo:output_channel|a_fffifo:subfifo|a_fefifo:fifo_state|lpm_compare:is_almost_empty_compare", which is child of megafunction instantiation "sdram_top:sdram1_top_inst|sdram_fifo_ctrl:u_sdram_fifo_ctrl|wrFIFO:u_wrfifo|dcfifo:dcfifo|dcfifo_rll1:auto_generated|scfifo:output_channel"
Info (12021): Found 1 design units, including 1 entities, in source file db/cmpr_04g.tdf
    Info (12023): Found entity 1: cmpr_04g
Info (12128): Elaborating entity "cmpr_04g" for hierarchy "sdram_top:sdram1_top_inst|sdram_fifo_ctrl:u_sdram_fifo_ctrl|wrFIFO:u_wrfifo|dcfifo:dcfifo|dcfifo_rll1:auto_generated|scfifo:output_channel|a_fffifo:subfifo|a_fefifo:fifo_state|lpm_compare:is_almost_empty_compare|cmpr_04g:auto_generated"
Info (12128): Elaborating entity "lpm_compare" for hierarchy "sdram_top:sdram1_top_inst|sdram_fifo_ctrl:u_sdram_fifo_ctrl|wrFIFO:u_wrfifo|dcfifo:dcfifo|dcfifo_rll1:auto_generated|scfifo:output_channel|a_fffifo:subfifo|a_fefifo:fifo_state|lpm_compare:is_almost_full_compare"
Info (12131): Elaborated megafunction instantiation "sdram_top:sdram1_top_inst|sdram_fifo_ctrl:u_sdram_fifo_ctrl|wrFIFO:u_wrfifo|dcfifo:dcfifo|dcfifo_rll1:auto_generated|scfifo:output_channel|a_fffifo:subfifo|a_fefifo:fifo_state|lpm_compare:is_almost_full_compare", which is child of megafunction instantiation "sdram_top:sdram1_top_inst|sdram_fifo_ctrl:u_sdram_fifo_ctrl|wrFIFO:u_wrfifo|dcfifo:dcfifo|dcfifo_rll1:auto_generated|scfifo:output_channel"
Info (12128): Elaborating entity "rdFIFO" for hierarchy "sdram_top:sdram1_top_inst|sdram_fifo_ctrl:u_sdram_fifo_ctrl|rdFIFO:u_rdfifo"
Info (12128): Elaborating entity "dcfifo" for hierarchy "sdram_top:sdram1_top_inst|sdram_fifo_ctrl:u_sdram_fifo_ctrl|rdFIFO:u_rdfifo|dcfifo:dcfifo"
Info (12130): Elaborated megafunction instantiation "sdram_top:sdram1_top_inst|sdram_fifo_ctrl:u_sdram_fifo_ctrl|rdFIFO:u_rdfifo|dcfifo:dcfifo"
Info (12133): Instantiated megafunction "sdram_top:sdram1_top_inst|sdram_fifo_ctrl:u_sdram_fifo_ctrl|rdFIFO:u_rdfifo|dcfifo:dcfifo" with the following parameter:
    Info (12134): Parameter "add_ram_output_register" = "ON"
    Info (12134): Parameter "clocks_are_synchronized" = "FALSE"
    Info (12134): Parameter "intended_device_family" = "eHiChip6"
    Info (12134): Parameter "lpm_hint" = "RAM_BLOCK_TYPE=M4K"
    Info (12134): Parameter "lpm_numwords" = "2048"
    Info (12134): Parameter "lpm_showahead" = "OFF"
    Info (12134): Parameter "lpm_type" = "dcfifo"
    Info (12134): Parameter "lpm_width" = "16"
    Info (12134): Parameter "lpm_widthu" = "11"
    Info (12134): Parameter "overflow_checking" = "ON"
    Info (12134): Parameter "underflow_checking" = "ON"
    Info (12134): Parameter "use_eab" = "ON"
Info (12021): Found 1 design units, including 1 entities, in source file db/dcfifo_eml1.tdf
    Info (12023): Found entity 1: dcfifo_eml1
Info (12128): Elaborating entity "dcfifo_eml1" for hierarchy "sdram_top:sdram1_top_inst|sdram_fifo_ctrl:u_sdram_fifo_ctrl|rdFIFO:u_rdfifo|dcfifo:dcfifo|dcfifo_eml1:auto_generated"
Info (12021): Found 1 design units, including 1 entities, in source file db/a_graycounter_036.tdf
    Info (12023): Found entity 1: a_graycounter_036
Info (12128): Elaborating entity "a_graycounter_036" for hierarchy "sdram_top:sdram1_top_inst|sdram_fifo_ctrl:u_sdram_fifo_ctrl|rdFIFO:u_rdfifo|dcfifo:dcfifo|dcfifo_eml1:auto_generated|a_graycounter_036:read_counter_for_write"
Info (12021): Found 1 design units, including 1 entities, in source file db/alt_synch_pipe_3e8.tdf
    Info (12023): Found entity 1: alt_synch_pipe_3e8
Info (12128): Elaborating entity "alt_synch_pipe_3e8" for hierarchy "sdram_top:sdram1_top_inst|sdram_fifo_ctrl:u_sdram_fifo_ctrl|rdFIFO:u_rdfifo|dcfifo:dcfifo|dcfifo_eml1:auto_generated|alt_synch_pipe_3e8:read_sync_registers"
Info (12021): Found 1 design units, including 1 entities, in source file db/dffpipe_te9.tdf
    Info (12023): Found entity 1: dffpipe_te9
Info (12128): Elaborating entity "dffpipe_te9" for hierarchy "sdram_top:sdram1_top_inst|sdram_fifo_ctrl:u_sdram_fifo_ctrl|rdFIFO:u_rdfifo|dcfifo:dcfifo|dcfifo_eml1:auto_generated|alt_synch_pipe_3e8:read_sync_registers|dffpipe_te9:dffpipe14"
Info (12021): Found 1 design units, including 1 entities, in source file db/alt_synch_pipe_4e8.tdf
    Info (12023): Found entity 1: alt_synch_pipe_4e8
Info (12128): Elaborating entity "alt_synch_pipe_4e8" for hierarchy "sdram_top:sdram1_top_inst|sdram_fifo_ctrl:u_sdram_fifo_ctrl|rdFIFO:u_rdfifo|dcfifo:dcfifo|dcfifo_eml1:auto_generated|alt_synch_pipe_4e8:write_sync_registers"
Info (12021): Found 1 design units, including 1 entities, in source file db/dffpipe_ue9.tdf
    Info (12023): Found entity 1: dffpipe_ue9
Info (12128): Elaborating entity "dffpipe_ue9" for hierarchy "sdram_top:sdram1_top_inst|sdram_fifo_ctrl:u_sdram_fifo_ctrl|rdFIFO:u_rdfifo|dcfifo:dcfifo|dcfifo_eml1:auto_generated|alt_synch_pipe_4e8:write_sync_registers|dffpipe_ue9:dffpipe18"
Info (12128): Elaborating entity "sdram_controller" for hierarchy "sdram_top:sdram1_top_inst|sdram_controller:u_sdram_controller"
Info (12128): Elaborating entity "sdram_ctrl" for hierarchy "sdram_top:sdram1_top_inst|sdram_controller:u_sdram_controller|sdram_ctrl:u_sdram_ctrl"
Info (12128): Elaborating entity "sdram_cmd" for hierarchy "sdram_top:sdram1_top_inst|sdram_controller:u_sdram_controller|sdram_cmd:u_sdram_cmd"
Info (12128): Elaborating entity "sdram_data" for hierarchy "sdram_top:sdram1_top_inst|sdram_controller:u_sdram_controller|sdram_data:u_sdram_data"
Info (12128): Elaborating entity "video_driver" for hierarchy "video_driver:video_driver_inst"
Warning (10230): Verilog HDL assignment warning at video_driver.v(53): truncated value with size 32 to match size of target (11)
Warning (10230): Verilog HDL assignment warning at video_driver.v(79): truncated value with size 32 to match size of target (11)
Warning (10230): Verilog HDL assignment warning at video_driver.v(87): truncated value with size 32 to match size of target (11)
Warning (14026): LATCH primitive "ov5640_top:ov5640_top_inst|i2c_ctrl:i2c_ctrl_inst|i2c_sda_reg" is permanently enabled
Warning (14026): LATCH primitive "ov5640_top:ov5640_top_inst|i2c_ctrl:i2c_ctrl_inst|i2c_sda_reg" is permanently enabled
Info (270018): Limiting M512 RAM block usage to 0 M512 RAM block(s) for the Top
Info (270016): Limiting MRAM/M144K RAM block usage to 0 MRAM/M144K RAM block(s) for the Top
Info (270018): Limiting M512 RAM block usage to 0 M512 RAM block(s) for the Top
Info (270016): Limiting MRAM/M144K RAM block usage to 0 MRAM/M144K RAM block(s) for the Top
Warning (12241): 4 hierarchies have connectivity warnings - see the Connectivity Checks report folder
Warning (13024): Output pins are stuck at VCC or GND
    Warning (13410): Pin "ov5640_rst_n" is stuck at VCC
    Warning (13410): Pin "ov5640_pwdn" is stuck at GND
Info (18000): Registers with preset signals will power-up high
Info (17049): 37 registers lost all their fanouts during netlist optimizations.
Info (144001): Generated suppressed messages file D:/github_example/ov5640_hdmi_640x480/ov5640_hdmi_640x480.runs/synth_1/ov5640_hdmi_640x480.map.smsg
Info (16010): Generating hard_block partition "hard_block:auto_generated_inst"
    Info (16011): Adding 2 node(s), including 0 DDIO, 2 PLL, 0 transceiver and 0 LCELL
Warning (15579): Output port clk1 of PLL "clk_pll_2:clk_gen_inst2|altpll:altpll_component|pll" feeds an output pin via global clocks -- jitter performance depends on switching rate of other design elements. Use PLL dedicated clock outputs to ensure jitter performance
Warning (15579): Output port clk1 of PLL "clk_pll_1:clk_gen_inst|altpll:altpll_component|pll" feeds an output pin via global clocks -- jitter performance depends on switching rate of other design elements. Use PLL dedicated clock outputs to ensure jitter performance
Info (21057): Implemented 1686 device resources after synthesis - the final resource count might be different
    Info (21058): Implemented 13 input pins
    Info (21059): Implemented 54 output pins
    Info (21060): Implemented 18 bidirectional pins
    Info (21061): Implemented 1567 logic cells
    Info (21064): Implemented 32 RAM segments
    Info (21065): Implemented 2 PLLs
Info: eLinx 64-Bit Analysis & Synthesis was successful. 0 errors, 24 warnings
    Info: Peak virtual memory: 4629 megabytes
    Info: Processing ended: Fri Jul 31 10:47:25 2026
    Info: Elapsed time: 00:00:06
    Info: Total CPU time (on all processors): 00:00:06


+------------------------------------------+
; Analysis & Synthesis Suppressed Messages ;
+------------------------------------------+
The suppressed messages can be found in D:/github_example/ov5640_hdmi_640x480/ov5640_hdmi_640x480.runs/synth_1/ov5640_hdmi_640x480.map.smsg.


